"patient_id","phase","gaussian_mass","index","prediction_calls","ode_integrations","ok","reason","log_likelihood","log_population","log_jacobian","log_factor","elapsed_sec"
"3","probe",0.5,1,1,1,TRUE,"ok",-59.3378289592464,-2.52252413757652,-0.0217052692352289,-61.8820583660581,0.0579999999999998
"3","probe",0.5,2,1,1,TRUE,"ok",-59.7578676207344,-5.66085527596623,-0.00608945144336886,-65.424812348144,0.157999999999999
"3","probe",0.5,3,1,1,TRUE,"ok",-61.2368753359716,-4.53061120205401,-0.0217052692352289,-65.7891918072608,0.00699999999999967
"3","probe",0.5,4,1,1,TRUE,"ok",-58.8594138072333,-6.51986841304956,-0.0217052692352289,-65.4009874895181,0.00699999999999967
"3","probe",0.5,5,1,1,TRUE,"ok",-62.7825191051441,-2.5591954601492,-0.0217052692352289,-65.3634198345285,0.00699999999999967
"3","probe",0.5,6,1,1,TRUE,"ok",-60.4642988339484,-5.17329507641051,-0.0217052692352289,-65.6592991795941,0.00599999999999845
"3","probe",0.5,7,1,1,TRUE,"ok",-61.7034195532158,-3.49667901461848,-0.0217052692352289,-65.2218038370695,0.00799999999999912
"3","probe",0.5,8,1,1,TRUE,"ok",-59.338347709612,-6.01195757493948,-0.0217052692352289,-65.3720105537867,0.00699999999999967
"3","probe",0.5,9,1,1,TRUE,"ok",-59.338455529076,-5.6828332933615,-0.0217052692352289,-65.0429940916728,0.00600000000000023
"3","probe",0.5,10,1,1,TRUE,"ok",-63.1247164941092,-3.03564290210798,-0.0758739586372196,-66.2362333548544,0.0080000000000009
"3","probe",0.5,11,1,1,TRUE,"ok",-59.6529364487793,-6.66844485011723,-0.0217052692352289,-66.3430865681318,0.00699999999999967
"3","probe",0.5,12,1,1,TRUE,"ok",-61.5583290271241,-4.13691039202633,-0.0217052692352289,-65.7169446883857,0.0080000000000009
"3","probe",0.5,13,1,1,TRUE,"ok",-58.7472609590162,-7.69259654628979,-0.0217052692352289,-66.4615627745412,0.00699999999999967
"3","probe",0.5,14,1,1,TRUE,"ok",-61.6661568232412,-3.83862209779815,-0.0217052692352289,-65.5264841902746,0.00699999999999967
"3","probe",0.5,15,1,1,TRUE,"ok",-63.9103246476949,-2.49946521534396,-0.0217052692352289,-66.4314951322741,0.00699999999999967
"3","probe",0.5,16,1,1,TRUE,"ok",-59.3366683804194,-5.87265866903309,-0.0217052692352289,-65.2310323186877,0.00599999999999845
"3","probe",0.5,17,1,1,TRUE,"ok",-59.3363947237813,-5.62852725689082,-0.0217052692352289,-64.9866272499074,0.00700000000000145
"3","probe",0.5,18,1,1,TRUE,"ok",-62.0803899349785,-2.14846624411343,-0.0183326361756708,-64.2471888152676,0.00699999999999967
"3","probe",0.5,19,1,1,TRUE,"ok",-59.6451896831745,-2.94541421443082,-0.0284906164702171,-62.6190945140755,0.00600000000000023
"3","probe",0.5,20,1,1,TRUE,"ok",-61.1163533058146,-3.89097272965609,-0.024844721186961,-65.0321707566577,0.00699999999999967
"3","probe",0.5,21,1,1,TRUE,"ok",-59.7810453190144,-4.32998099130675,-0.031786920761783,-64.1428132310829,0.00600000000000023
"3","probe",0.5,22,1,1,TRUE,"ok",-59.9432352433114,-5.06853820104581,-0.0295341482784357,-65.0413075926356,0.00699999999999967
"3","probe",0.5,23,1,1,TRUE,"ok",-60.3301206224742,-4.77221516379625,-0.0128728948263435,-65.1152086810968,0.00600000000000023
"3","probe",0.5,24,1,1,TRUE,"ok",-60.6777864751174,-4.71191740209365,-0.0479157886732463,-65.4376196658843,0.00600000000000023
"3","probe",0.5,25,1,1,TRUE,"ok",-60.215929982698,-4.27524793201231,-0.0165088034422469,-64.5076867181526,0.00699999999999967
"3","probe",0.5,26,1,1,TRUE,"ok",-59.8437702888564,-4.66645201688371,-0.0137247219733728,-64.5239470277135,0.00799999999999912
"3","probe",0.5,27,1,1,TRUE,"ok",-59.3851747756522,-2.80125941223299,-0.0246074289185082,-62.2110416168037,0.00699999999999967
"3","probe",0.5,28,1,1,TRUE,"ok",-60.2568610942344,-4.86709019561382,-0.0149711497586233,-65.1389224396068,0.00699999999999967
"3","probe",0.5,29,1,1,TRUE,"ok",-59.948341904903,-3.47043424353475,-0.0172102030866392,-63.4359863515244,0.00599999999999845
"3","probe",0.5,30,1,1,TRUE,"ok",-60.9813565372502,-3.9106951690761,-0.0214092074991562,-64.9134609138254,0.00799999999999912
"3","probe",0.5,31,1,1,TRUE,"ok",-61.8075669956184,-3.72094628562032,-0.0242492567233073,-65.552762537962,0.00699999999999967
"3","probe",0.5,32,1,1,TRUE,"ok",-61.4833625217134,-2.13581570926141,-0.0367645594766148,-63.6559427904514,0.00799999999999912
"3","probe",0.5,33,1,1,TRUE,"ok",-59.4689123618625,-6.14290386449208,-0.0166446971379361,-65.6284609234925,0.0080000000000009
"3","probe",0.5,34,1,1,TRUE,"ok",-61.1204957489674,-3.1756957117631,-0.0125425774835115,-64.308734038214,0.00699999999999967
"3","probe",0.5,35,1,1,TRUE,"ok",-59.3110295458845,-4.96261003434539,-0.0346586633158561,-64.3082982435458,0.0080000000000009
"3","probe",0.5,36,1,1,TRUE,"ok",-61.7491045965047,-3.71677410507003,-0.03436415955112,-65.5002428611259,0.00600000000000023
"3","probe",0.5,37,1,1,TRUE,"ok",-57.9916579030474,-5.35087461953715,-0.0162038083564834,-63.358736330941,0.00600000000000023
"3","probe",0.5,38,1,1,TRUE,"ok",-62.3317196394697,-2.15150242496902,-0.0167085892984989,-64.4999306537372,0.00699999999999967
"3","probe",0.5,39,1,1,TRUE,"ok",-58.056976416446,-7.32412674144644,-0.0156800738494521,-65.3967832317419,0.00599999999999845
"3","probe",0.5,40,1,1,TRUE,"ok",-62.6537618545943,-2.720613207255,-0.0336819869685918,-65.4080570488179,0.00699999999999967
"3","probe",0.5,41,1,1,TRUE,"ok",-59.5644382992418,-4.10088275248631,-0.0139205214166548,-63.6792415731447,0.00600000000000023
"3","probe",0.5,42,1,1,TRUE,"ok",-61.1292267868495,-1.99942065296358,-0.0350317482178548,-63.1636791880309,0.00600000000000023
"3","probe",0.5,43,1,1,TRUE,"ok",-59.9315635014845,-4.45782741944493,-0.0321351087322393,-64.4215260296616,0.00799999999999912
"3","probe",0.5,44,1,1,TRUE,"ok",-60.4330152823097,-3.89724677263798,-0.0163104995654082,-64.3465725545131,0.00600000000000023
"3","probe",0.5,45,1,1,TRUE,"ok",-61.6198645012652,-2.31344318696727,-0.0391389841568534,-63.9724466723893,0.0080000000000009
"3","probe",0.5,46,1,1,TRUE,"ok",-61.6669701340489,-3.58826014960701,-0.0217986474322468,-65.2770289310882,0.00600000000000023
"3","probe",0.5,47,1,1,TRUE,"ok",-58.7187964027116,-6.07367811347479,-0.0172109728121798,-64.8096854889986,0.00699999999999967
"3","probe",0.5,48,1,1,TRUE,"ok",-62.2929233888082,-2.98469227590679,-0.034930031002019,-65.312545695717,0.00799999999999912
"3","probe",0.5,49,1,1,TRUE,"ok",-62.2448973842446,-3.54368933154837,-0.0175587111909501,-65.8061454269839,0.00699999999999967
"3","probe",0.5,50,1,1,TRUE,"ok",-59.0034384086053,-5.23779405795567,-0.0197940907139695,-64.2610265572749,0.00900000000000034
"3","probe",0.5,51,1,1,TRUE,"ok",-64.1188360555295,-2.03707508177181,-0.0418632711656605,-66.197774408467,0.00699999999999967
"3","probe",0.5,52,1,1,TRUE,"ok",-61.3524540153355,-3.23988008221092,-0.0412428704075604,-64.633576967954,0.00699999999999967
"3","probe",0.5,53,1,1,TRUE,"ok",-60.7164998727733,-5.52202908619856,-0.023502754585398,-66.2620317135573,0.0080000000000009
"3","probe",0.5,54,1,1,TRUE,"ok",-59.0360324491851,-6.19135534831379,-0.0117850463813413,-65.2391728438802,0.00600000000000023
"3","probe",0.5,55,1,1,TRUE,"ok",-58.2377288992025,-5.04498279708038,-0.0138326567358989,-63.2965443530188,0.00699999999999967
"3","probe",0.5,56,1,1,TRUE,"ok",-61.2735751447494,-5.13906264409428,-0.0288699469159446,-66.4415077357597,0.00700000000000145
"3","probe",0.5,57,1,1,TRUE,"ok",-59.7945279258239,-5.47516891495756,-0.0234873320280132,-65.2931841728095,0.00699999999999967
"3","probe",0.5,58,1,1,TRUE,"ok",-59.1425876046102,-4.30056472867738,-0.00959501891766054,-63.4527473522052,0.00699999999999967
"3","probe",0.5,59,1,1,TRUE,"ok",-59.1757824483613,-3.74017695448023,-0.0193557005456139,-62.9353151033871,0.00600000000000023
"3","probe",0.5,60,1,1,TRUE,"ok",-58.8314887969307,-6.36125327715839,-0.0137485102835952,-65.2064905843727,0.00600000000000023
"3","probe",0.5,61,1,1,TRUE,"ok",-58.409507714963,-5.36149915861325,-0.0257759111535578,-63.7967827847298,0.00699999999999967
"3","probe",0.5,62,1,1,TRUE,"ok",-61.0503880258944,-4.13696068478666,-0.0227360761885779,-65.2100847868697,0.00699999999999967
"3","probe",0.5,63,1,1,TRUE,"ok",-60.4525230922565,-3.30749073459023,-0.0257926868196416,-63.7858065136664,0.0080000000000009
"3","probe",0.5,64,1,1,TRUE,"ok",-60.4763393836301,-3.70850501859539,-0.0226890411335756,-64.2075334433591,0.00600000000000023
"3","probe",0.5,65,1,1,TRUE,"ok",-58.8021960877181,-5.7903230958203,-0.0307330029926439,-64.623252186531,0.00500000000000078
"3","probe",0.5,66,1,1,TRUE,"ok",-61.3269002836576,-3.92176211432051,-0.0481753211049239,-65.296837719083,0.00699999999999967
"3","probe",0.5,67,1,1,TRUE,"ok",-61.3299513402559,-2.63310739625386,-0.0274207476449153,-63.9904794841546,0.00500000000000078
"3","probe",0.5,68,1,1,TRUE,"ok",-58.901484346254,-5.19305980798215,-0.0182842919708569,-64.112828446207,0.00699999999999967
"3","probe",0.5,69,1,1,TRUE,"ok",-60.4023489582078,-4.18867010460559,-0.0162604336340735,-64.6072794964474,0.00600000000000023
"3","probe",0.5,70,1,1,TRUE,"ok",-60.1975440084668,-3.36711264881826,-0.0149534280488683,-63.579610085334,0.00599999999999845
"3","probe",0.5,71,1,1,TRUE,"ok",-62.4891992895573,-3.04995023158151,-0.0392594646638989,-65.5784089858028,0.00799999999999912
"3","probe",0.5,72,1,1,TRUE,"ok",-59.2092659527581,-5.02726796385282,-0.0104654144134816,-64.2469993310244,0.00699999999999967
"3","probe",0.5,73,1,1,TRUE,"ok",-62.9231596654837,-2.4102845099357,-0.0245800720115992,-65.358024247431,0.0080000000000009
"3","probe",0.5,74,1,1,TRUE,"ok",-59.3920265239436,-5.16738555384215,-0.0152906878344689,-64.5747027656202,0.00699999999999967
"3","probe",0.5,75,1,1,TRUE,"ok",-59.0902132273005,-6.11233303626692,-0.0318536720898258,-65.2343999356572,0.00600000000000023
"3","probe",0.5,76,1,1,TRUE,"ok",-63.7551636008689,-1.44707500933433,-0.0482208376373258,-65.2504594478406,0.00799999999999912
"3","probe",0.5,77,1,1,TRUE,"ok",-59.1472480713787,-5.88945607078868,-0.0254439375087585,-65.0621480796761,0.00700000000000145
"3","probe",0.5,78,1,1,TRUE,"ok",-60.2316293823104,-3.61558055897909,-0.0154857337813493,-63.8626956750708,0.00799999999999912
"3","probe",0.5,79,1,1,TRUE,"ok",-59.9608210986611,-4.38187837228743,-0.0146467896078177,-64.3573462605564,0.00699999999999967
"3","probe",0.5,80,1,1,TRUE,"ok",-60.1222755439277,-3.91898523597297,-0.0200764654590687,-64.0613372453597,0.00699999999999967
"3","probe",0.5,81,1,1,TRUE,"ok",-62.0624219853453,-2.29444496340867,-0.0359194280479167,-64.3927863768019,0.00699999999999967
"3","probe",0.8,1,1,1,TRUE,"ok",-59.3378289592464,-2.52252413757652,-0.0217052692352289,-61.8820583660581,0.00599999999999845
"3","probe",0.8,2,1,1,TRUE,"ok",-60.5011697575711,-6.86857977874615,-0.00456730069227103,-67.3743168370095,0.00699999999999967
"3","probe",0.8,3,1,1,TRUE,"ok",-62.2207496962465,-5.84858942226445,-0.0217052692352289,-68.0910443877462,0.00699999999999967
"3","probe",0.8,4,1,1,TRUE,"ok",-58.7763840706984,-8.19689713843921,-0.0217052692352289,-66.9949864783728,0.00600000000000023
"3","probe",0.8,5,1,1,TRUE,"ok",-63.583174596424,-3.26518144210372,-0.0217052692352289,-66.8700613077629,0.00699999999999967
"3","probe",0.8,6,1,1,TRUE,"ok",-61.2153035311682,-6.31833799376023,-0.0217052692352289,-67.5553467941636,0.00700000000000145
"3","probe",0.8,7,1,1,TRUE,"ok",-63.4577214861586,-3.84240196545434,-0.0217052692352289,-67.3218287208481,0.00600000000000023
"3","probe",0.8,8,1,1,TRUE,"ok",-59.338410028391,-7.74403355944384,-0.0217052692352289,-67.1041488570701,0.0080000000000009
"3","probe",0.8,9,1,1,TRUE,"ok",-59.3385327387556,-7.26146880081877,-0.0217052692352289,-66.6217068088096,0.00699999999999967
"3","probe",0.8,10,1,1,TRUE,"ok",-64.5105866366942,-3.66952673356866,-0.100005797959207,-68.2801191682221,0.00700000000000145
"3","probe",0.8,11,1,1,TRUE,"ok",-59.8986266093406,-8.43924795472674,-0.0217052692352289,-68.3595798333026,0.00699999999999967
"3","probe",0.8,12,1,1,TRUE,"ok",-62.5478374906561,-5.27637665949579,-0.0217052692352289,-67.8459194193871,0.00700000000000145
"3","probe",0.8,13,1,1,TRUE,"ok",-59.4565109924975,-9.60348741771035,-0.0217052692352289,-69.0817036794431,0.00799999999999912
"3","probe",0.8,14,1,1,TRUE,"ok",-62.6301228000209,-4.6841594775045,-0.0217052692352289,-67.3359875467606,0.00700000000000145
"3","probe",0.8,15,1,1,TRUE,"ok",-65.6485119308492,-2.63169933412747,-0.0217052692352289,-68.3019165342119,0.00699999999999967
"3","probe",0.8,16,1,1,TRUE,"ok",-59.3362500212702,-7.57332026831475,-0.0217052692352289,-66.9312755588201,0.00600000000000023
"3","probe",0.8,17,1,1,TRUE,"ok",-59.3358581968298,-7.19491578553295,-0.0217052692352289,-66.552479251598,0.00599999999999845
"3","probe",0.8,18,1,1,TRUE,"ok",-63.8544729875433,-3.888412090251,-0.0125857569352577,-67.7554708347296,0.00700000000000145
"3","probe",0.8,19,1,1,TRUE,"ok",-60.18283973948,-4.10414903481837,-0.0325804234824583,-64.3195691977808,0.00600000000000023
"3","probe",0.8,20,1,1,TRUE,"ok",-58.1851400279931,-5.06262581733686,-0.0272232077661538,-63.2749890530961,0.00600000000000023
"3","probe",0.8,21,1,1,TRUE,"ok",-59.3700706213932,-5.89409352656109,-0.0105449428297365,-65.274709090784,0.00600000000000023
"3","probe",0.8,22,1,1,TRUE,"ok",-63.0449316492876,-3.49413584630124,-0.0119883472406996,-66.5510558428295,0.00600000000000023
"3","probe",0.8,23,1,1,TRUE,"ok",-61.4267948165353,-5.27334427891068,-0.0497832762879371,-66.7499223717339,0.00799999999999912
"3","probe",0.8,24,1,1,TRUE,"ok",-60.6276617140871,-5.95731102113678,-0.0170763380194238,-66.6020490732433,0.00700000000000145
"3","probe",0.8,25,1,1,TRUE,"ok",-58.1292783974434,-5.97730778520305,-0.021954690760346,-64.1285408734068,0.00699999999999967
"3","probe",0.8,26,1,1,TRUE,"ok",-59.1504350025505,-3.20176266439644,-0.0158202626626497,-62.3680179296095,0.0080000000000009
"3","probe",0.8,27,1,1,TRUE,"ok",-58.9971920135977,-5.30158011525553,-0.0237162649463392,-64.3224883937996,0.00600000000000023
"3","probe",0.8,28,1,1,TRUE,"ok",-63.0856453681863,-5.77757827657117,-0.0666850512096073,-68.9299086959671,0.0080000000000009
"3","probe",0.8,29,1,1,TRUE,"ok",-61.1726239580687,-3.5408941573912,-0.0342722434902444,-64.7477903589501,0.0080000000000009
"3","probe",0.8,30,1,1,TRUE,"ok",-60.341860277252,-6.32396807911802,-0.0218210280635202,-66.6876493844335,0.00699999999999967
"3","probe",0.8,31,1,1,TRUE,"ok",-63.4096084884017,-3.11199252717876,-0.031230069516638,-66.5528310850971,0.0080000000000009
"3","probe",0.8,32,1,1,TRUE,"ok",-58.9627520784017,-4.41575655477257,-0.0173296286345309,-63.3958382618088,0.00699999999999967
"3","probe",0.8,33,1,1,TRUE,"ok",-62.024186338888,-5.47721457040006,-0.0280812299429475,-67.529482139231,0.00799999999999912
"3","probe",0.8,34,1,1,TRUE,"ok",-59.4049830217673,-4.82539150307722,-0.0274259371656557,-64.2578004620102,0.00699999999999967
"3","probe",0.8,35,1,1,TRUE,"ok",-59.5928017736717,-5.11334144498128,-0.0115529430913056,-64.7176961617443,0.00600000000000023
"3","probe",0.8,36,1,1,TRUE,"ok",-60.6500290204663,-6.55765037359765,-0.0260648951875152,-67.2337442892514,0.0080000000000009
"3","probe",0.8,37,1,1,TRUE,"ok",-60.0257799261111,-4.86261322719493,-0.0232875066695494,-64.9116806599755,0.00799999999999912
"3","probe",0.8,38,1,1,TRUE,"ok",-62.7515576386588,-2.28373652010734,-0.0356038673635989,-65.0708980261298,0.0080000000000009
"3","probe",0.8,39,1,1,TRUE,"ok",-63.1347757132338,-2.95315958969263,-0.0372799292501907,-66.1252152321767,0.00699999999999967
"3","probe",0.8,40,1,1,TRUE,"ok",-59.7771905060023,-5.1394565413576,-0.0169180814250984,-64.933565128785,0.00600000000000023
"3","probe",0.8,41,1,1,TRUE,"ok",-59.2034720714104,-3.69214319036472,-0.018855334380218,-62.9144705961553,0.00799999999999912
"3","probe",0.8,42,1,1,TRUE,"ok",-58.138652516826,-7.19689192897482,-0.0288298809307449,-65.3643743267316,0.00600000000000023
"3","probe",0.8,43,1,1,TRUE,"ok",-60.2906730365178,-4.75663525114759,-0.0105716351116934,-65.0578799227771,0.00600000000000023
"3","probe",0.8,44,1,1,TRUE,"ok",-61.6062211030977,-4.35223505389587,-0.0273122532354372,-65.985768410229,0.0080000000000009
"3","probe",0.8,45,1,1,TRUE,"ok",-62.3780281774146,-4.22858671093947,-0.0423569471078892,-66.648971835462,0.00699999999999967
"3","probe",0.8,46,1,1,TRUE,"ok",-59.8068887207444,-6.29026907608486,-0.0141559955064175,-66.1113137923357,0.0080000000000009
"3","probe",0.8,47,1,1,TRUE,"ok",-61.9896487944419,-4.88102590774289,-0.0433716703119894,-66.9140463724968,0.00699999999999967
"3","probe",0.8,48,1,1,TRUE,"ok",-62.3898614825697,-3.77518684269416,-0.0212305338478782,-66.1862788591118,0.00699999999999967
"3","probe",0.8,49,1,1,TRUE,"ok",-59.3871146949528,-3.96905889244306,-0.0190044949599333,-63.3751780823558,0.0080000000000009
"3","probe",0.8,50,1,1,TRUE,"ok",-61.2776584021216,-2.95935167517635,-0.0230847244582892,-64.2600948017562,0.00600000000000023
"3","probe",0.8,51,1,1,TRUE,"ok",-59.7080284619527,-5.93911787214869,-0.0372882774705619,-65.6844346115719,0.00699999999999967
"3","probe",0.8,52,1,1,TRUE,"ok",-59.2079160767935,-4.52367545517619,-0.0255022268504875,-63.7570937588202,0.00600000000000023
"3","probe",0.8,53,1,1,TRUE,"ok",-58.3436451491802,-6.15211327505169,-0.0111306350923158,-64.5068890593243,0.00600000000000023
"3","probe",0.8,54,1,1,TRUE,"ok",-58.4259150780238,-7.03255110563934,-0.0211926988765452,-65.4796588825397,0.00600000000000023
"3","probe",0.8,55,1,1,TRUE,"ok",-61.1483914178617,-6.45932285205803,-0.0134113834494783,-67.6211256533692,0.00600000000000023
"3","probe",0.8,56,1,1,TRUE,"ok",-62.1772471208716,-4.14099414238197,-0.0378946659972437,-66.3561359292508,0.00699999999999967
"3","probe",0.8,57,1,1,TRUE,"ok",-62.2658222322977,-3.79452267103399,-0.0438330843453657,-66.1041779876771,0.00699999999999967
"3","probe",0.8,58,1,1,TRUE,"ok",-61.0988333808512,-4.13821745337782,-0.0263474718931814,-65.2633983061222,0.00699999999999967
"3","probe",0.8,59,1,1,TRUE,"ok",-59.9364879687106,-4.08184222472526,-0.0241815465065323,-64.0425117399424,0.0080000000000009
"3","probe",0.8,60,1,1,TRUE,"ok",-59.5259280665593,-6.34016616106458,-0.0174025574809864,-65.8834967851048,0.00799999999999912
"3","probe",0.8,61,1,1,TRUE,"ok",-59.0939913146966,-3.20417734714426,-0.0225435336795177,-62.3207121955204,0.00699999999999967
"3","probe",0.8,62,1,1,TRUE,"ok",-60.2554498108133,-6.67720156842985,-0.0311497576385799,-66.9638011368817,0.00699999999999967
"3","probe",0.8,63,1,1,TRUE,"ok",-58.5212343145975,-6.99161610352295,-0.0177542568903152,-65.5306046750107,0.00699999999999967
"3","probe",0.8,64,1,1,TRUE,"ok",-61.1947303437277,-3.42043146922621,-0.0148005018472951,-64.6299623148012,0.00900000000000034
"3","probe",0.8,65,1,1,TRUE,"ok",-60.429551236685,-5.10295067155363,-0.0113602368841173,-65.5438621451228,0.00699999999999967
"3","probe",0.8,66,1,1,TRUE,"ok",-60.9222543215918,-2.84108780943934,-0.0210500405713641,-63.7843921716025,0.00900000000000034
"3","probe",0.8,67,1,1,TRUE,"ok",-62.3359688412005,-2.38941685975422,-0.0195239411479966,-64.7449096421027,0.00600000000000023
"3","probe",0.8,68,1,1,TRUE,"ok",-63.6766446279778,-3.56187088801996,-0.0513774722244465,-67.2898929882222,0.00799999999999912
"3","probe",0.8,69,1,1,TRUE,"ok",-61.1617730044957,-5.35553911095658,-0.0401685382506487,-66.5574806537029,0.00700000000000145
"3","probe",0.8,70,1,1,TRUE,"ok",-57.9095111700517,-6.32460395363628,-0.0125797582412165,-64.2466948819292,0.00699999999999967
"3","probe",0.8,71,1,1,TRUE,"ok",-60.6283873280696,-6.14482154547263,-0.0404466401743482,-66.8136555137166,0.0080000000000009
"3","probe",0.8,72,1,1,TRUE,"ok",-65.8421609293395,-1.9781237218474,-0.0418148169307323,-67.8620994681176,0.00699999999999967
"3","probe",0.8,73,1,1,TRUE,"ok",-59.988415702838,-4.78368072720551,-0.0204673972138447,-64.7925638272574,0.00700000000000145
"3","probe",0.8,74,1,1,TRUE,"ok",-61.0698466737188,-4.50538656146105,-0.0231397928666694,-65.5983730280465,0.00699999999999967
"3","probe",0.8,75,1,1,TRUE,"ok",-59.7836005942385,-5.5259893559665,-0.010242595929819,-65.3198325461348,0.00699999999999967
"3","probe",0.8,76,1,1,TRUE,"ok",-60.6087448184824,-3.73660791237758,-0.0208118813934059,-64.3661646122534,0.00699999999999967
"3","probe",0.8,77,1,1,TRUE,"ok",-59.5607709999339,-5.69507601878021,-0.0287685949828579,-65.2846156136969,0.00600000000000023
"3","probe",0.8,78,1,1,TRUE,"ok",-63.2897924551993,-2.92781358246185,-0.0204692922877923,-66.238075329949,0.00600000000000023
"3","probe",0.8,79,1,1,TRUE,"ok",-58.3253902938869,-7.88018777635375,-0.022776685302841,-66.2283547555435,0.00700000000000145
"3","probe",0.8,80,1,1,TRUE,"ok",-59.7511048540838,-5.74603978364643,-0.0162683667943608,-65.5134130045246,0.00799999999999912
"3","probe",0.8,81,1,1,TRUE,"ok",-59.417208345381,-4.20806782660979,-0.0166749141115126,-63.6419510861023,0.0080000000000009
"3","probe",0.95,1,1,1,TRUE,"ok",-59.3378289592464,-2.52252413757652,-0.0217052692352289,-61.8820583660581,0.00699999999999967
"3","probe",0.95,2,1,1,TRUE,"ok",-61.5109094405735,-8.27385097701249,-0.00341592703841923,-69.7881763446244,0.00699999999999967
"3","probe",0.95,3,1,1,TRUE,"ok",-63.5153763963396,-7.50482245410449,-0.0217052692352289,-71.0419041196793,0.00699999999999967
"3","probe",0.95,4,1,1,TRUE,"ok",-58.6978069716441,-10.1787510500686,-0.0217052692352289,-68.898263290948,0.00600000000000023
"3","probe",0.95,5,1,1,TRUE,"ok",-64.3885486955231,-4.2346176201024,-0.0217052692352289,-68.6448715848608,0.00699999999999967
"3","probe",0.95,6,1,1,TRUE,"ok",-62.1584768968322,-7.67775416962277,-0.0217052692352289,-69.8579363356902,0.00700000000000145
"3","probe",0.95,7,1,1,TRUE,"ok",-65.7488401219557,-4.23720091836699,-0.0217052692352289,-70.0077463095579,0.00699999999999967
"3","probe",0.95,8,1,1,TRUE,"ok",-59.3384695216623,-9.84469967334452,-0.0217052692352289,-69.2048744642421,0.0080000000000009
"3","probe",0.95,9,1,1,TRUE,"ok",-59.3385886980484,-9.17772517479257,-0.0217052692352289,-68.5380191420762,0.00699999999999967
"3","probe",0.95,10,1,1,TRUE,"ok",-66.1177804500182,-4.51037964850685,-0.131650410949711,-70.7598105094748,0.00700000000000145
"3","probe",0.95,11,1,1,TRUE,"ok",-60.1958825489358,-10.5349609519172,-0.0217052692352289,-70.7525487700883,0.00699999999999967
"3","probe",0.95,12,1,1,TRUE,"ok",-63.6370160781322,-6.71562429312511,-0.0217052692352289,-70.3743456404925,0.00700000000000145
"3","probe",0.95,13,1,1,TRUE,"ok",-60.5481099224467,-11.8156047517955,-0.0217052692352289,-72.3854199434774,0.00699999999999967
"3","probe",0.95,14,1,1,TRUE,"ok",-63.7541225377756,-5.74229869242578,-0.0217052692352289,-69.5181264994366,0.0080000000000009
"3","probe",0.95,15,1,1,TRUE,"ok",-67.6087974895635,-2.81798676471594,-0.0217052692352289,-70.4484895235147,0.00600000000000023
"3","probe",0.95,16,1,1,TRUE,"ok",-59.3357472241217,-9.64228310582576,-0.0217052692352289,-68.9997355991827,0.00699999999999967
"3","probe",0.95,17,1,1,TRUE,"ok",-59.335210618906,-9.0988125557277,-0.0217052692352289,-68.4557284438689,0.00699999999999967
"3","probe",0.95,18,1,1,TRUE,"ok",-61.1957105969323,-7.50345889273552,-0.0229384045996343,-68.7221078942674,0.00799999999999912
"3","probe",0.95,19,1,1,TRUE,"ok",-61.7162958803518,-6.6127272941757,-0.0193575195406656,-68.3483806940681,0.00699999999999967
"3","probe",0.95,20,1,1,TRUE,"ok",-61.6743017992909,-2.41373551537598,-0.0211777665973962,-64.1092150812643,0.00699999999999967
"3","probe",0.95,21,1,1,TRUE,"ok",-60.14224708622,-4.74291520966134,-0.014714268125025,-64.8998765640063,0.0080000000000009
"3","probe",0.95,22,1,1,TRUE,"ok",-63.1040617284878,-3.97192205420244,-0.0278041769354582,-67.1037879596257,0.00699999999999967
"3","probe",0.95,23,1,1,TRUE,"ok",-62.8635733226435,-3.6254532144884,-0.0469222881512117,-66.5359488252831,0.00700000000000145
"3","probe",0.95,24,1,1,TRUE,"ok",-59.6301327182841,-7.25338820675044,-0.014265285692313,-66.8977862107269,0.00699999999999967
"3","probe",0.95,25,1,1,TRUE,"ok",-60.4711756469212,-3.50355845729559,-0.0238926771524748,-63.9986267813693,0.00600000000000023
"3","probe",0.95,26,1,1,TRUE,"ok",-59.4415801822942,-4.21315170150832,-0.0171205887775781,-63.6718524725801,0.00700000000000145
"3","probe",0.95,27,1,1,TRUE,"ok",-62.0389359811462,-4.33437656803728,-0.0637853016844269,-66.4370978508679,0.00499999999999901
"3","probe",0.95,28,1,1,TRUE,"ok",-57.5424651844863,-7.68796117873327,-0.0207884922492722,-65.2512148554688,0.00600000000000023
"3","probe",0.95,29,1,1,TRUE,"ok",-59.8746486380296,-5.6541936557546,-0.0228553453386043,-65.5516976391228,0.00799999999999912
"3","probe",0.95,30,1,1,TRUE,"ok",-60.4263648525911,-4.8161339587891,-0.00745919792365138,-65.2499580093039,0.0080000000000009
"3","probe",0.95,31,1,1,TRUE,"ok",-60.2184828152855,-3.88553664499036,-0.0209297635903518,-64.1249492238663,0.00799999999999912
"3","probe",0.95,32,1,1,TRUE,"ok",-61.8209095760662,-3.53785524365753,-0.0309787047540998,-65.3897435244779,0.00699999999999967
"3","probe",0.95,33,1,1,TRUE,"ok",-59.4664387521748,-5.18332628585443,-0.0364262110523539,-64.6861912490816,0.00600000000000023
"3","probe",0.95,34,1,1,TRUE,"ok",-60.2918777767496,-3.85249607520684,-0.0150728895140162,-64.1594467414705,0.00700000000000145
"3","probe",0.95,35,1,1,TRUE,"ok",-57.8421803936979,-7.12185478822213,-0.0242498014187496,-64.9882849833388,0.00600000000000023
"3","probe",0.95,36,1,1,TRUE,"ok",-58.9905642098688,-5.01496346822498,-0.0207424894498712,-64.0262701675437,0.00600000000000023
"3","probe",0.95,37,1,1,TRUE,"ok",-61.0331667077872,-3.08906233641484,-0.0224667935777457,-64.1446958377798,0.0080000000000009
"3","probe",0.95,38,1,1,TRUE,"ok",-60.2139302038751,-3.16955900687614,-0.0242260617289386,-63.4077152724802,0.00799999999999912
"3","probe",0.95,39,1,1,TRUE,"ok",-60.545906198171,-7.07223508059795,-0.0077555436969747,-67.6258968224659,0.00799999999999912
"3","probe",0.95,40,1,1,TRUE,"ok",-62.0810402235083,-3.42609869454759,-0.010788015315332,-65.5179269333712,0.00699999999999967
"3","probe",0.95,41,1,1,TRUE,"ok",-61.852399914697,-4.77770665790344,-0.0313224729971608,-66.6614290455976,0.00699999999999967
"3","probe",0.95,42,1,1,TRUE,"ok",-60.334399614988,-3.64528550781622,-0.0224062705859604,-64.0020913933901,0.0080000000000009
"3","probe",0.95,43,1,1,TRUE,"ok",-59.4515833554659,-5.94062629330974,-0.0241761042840491,-65.4163857530597,0.00699999999999967
"3","probe",0.95,44,1,1,TRUE,"ok",-58.5725681346521,-7.61409815117036,-0.0147342906938361,-66.2014005765163,0.0080000000000009
"3","probe",0.95,45,1,1,TRUE,"ok",-59.8844463626369,-5.03880417808704,-0.0154536427528648,-64.9387041834767,0.00699999999999967
"3","probe",0.95,46,1,1,TRUE,"ok",-61.1333277942148,-7.75187510560333,-0.0470796330934956,-68.9322825329116,0.0080000000000009
"3","probe",0.95,47,1,1,TRUE,"ok",-61.4441950399977,-2.67297184915444,-0.0156774796657136,-64.1328443688178,0.00699999999999967
"3","probe",0.95,48,1,1,TRUE,"ok",-63.9209922035625,-4.87480965759064,-0.0617665733637542,-68.8575684345169,0.00700000000000145
"3","probe",0.95,49,1,1,TRUE,"ok",-59.5929177992517,-7.96228930595618,-0.035545596296879,-67.5907527015048,0.0329999999999995
"3","probe",0.95,50,1,1,TRUE,"ok",-61.8940048281637,-3.14014961660234,-0.028526852350199,-65.0626812971162,0.00700000000000145
"3","probe",0.95,51,1,1,TRUE,"ok",-60.004747931972,-5.46506963133117,-0.0273352028686868,-65.4971527661719,0.00799999999999912
"3","probe",0.95,52,1,1,TRUE,"ok",-64.9982040876189,-6.40647556730766,-0.030057797670636,-71.4347374525972,0.00900000000000034
"3","probe",0.95,53,1,1,TRUE,"ok",-59.5757325974861,-3.23005388924746,-0.016874813774568,-62.8226613005081,0.00999999999999979
"3","probe",0.95,54,1,1,TRUE,"ok",-60.6124659545781,-3.16447516011856,-0.0281684861379242,-63.8051096008346,0.00900000000000034
"3","probe",0.95,55,1,1,TRUE,"ok",-59.8796289252245,-4.99044404246204,-0.0231240084237053,-64.8931969761102,0.00600000000000023
"3","probe",0.95,56,1,1,TRUE,"ok",-60.2029556604561,-4.68680471070448,-0.0326373236291217,-64.9223976947897,0.00699999999999967
"3","probe",0.95,57,1,1,TRUE,"ok",-61.945037972275,-5.91882711522115,-0.0135445868892781,-67.8774096743855,0.00699999999999967
"3","probe",0.95,58,1,1,TRUE,"ok",-60.2577639168168,-8.83639262629637,-0.0155956904656517,-69.1097522335789,0.00699999999999967
"3","probe",0.95,59,1,1,TRUE,"ok",-58.2051987131753,-6.08290077565625,-0.0121674376487058,-64.3002669264802,0.00799999999999912
"3","probe",0.95,60,1,1,TRUE,"ok",-62.1248994613161,-2.11821585512009,-0.0262780014964706,-64.2693933179326,0.00699999999999967
"3","probe",0.95,61,1,1,TRUE,"ok",-61.5121500324409,-5.12440665948008,-0.0225177417796463,-66.6590744337006,0.00600000000000023
"3","probe",0.95,62,1,1,TRUE,"ok",-61.0417076326315,-6.06565026512163,-0.0361178804600973,-67.1434757782132,0.00699999999999967
"3","probe",0.95,63,1,1,TRUE,"ok",-61.9045067805339,-6.0335365377367,-0.0149330812781724,-67.9529763995487,0.00700000000000145
"3","probe",0.95,64,1,1,TRUE,"ok",-60.5480111049495,-2.96319050393319,-0.0256375157353656,-63.5368391246181,0.00699999999999967
"3","probe",0.95,65,1,1,TRUE,"ok",-60.685560882364,-2.62261933724846,-0.0172186757805038,-63.325398895393,0.00900000000000034
"3","probe",0.95,66,1,1,TRUE,"ok",-57.9670208442158,-7.32581468078537,-0.0230115330135605,-65.3158470580148,0.00699999999999967
"3","probe",0.95,67,1,1,TRUE,"ok",-59.4061886041604,-6.01341278080509,-0.0101192352201971,-65.4297206201857,0.00799999999999912
"3","probe",0.95,68,1,1,TRUE,"ok",-59.761759268639,-6.00583872846639,-0.0212020240296379,-65.788800021135,0.00799999999999912
"3","probe",0.95,69,1,1,TRUE,"ok",-60.6553930218,-4.75969367739231,-0.0122143361405123,-65.4273010353328,0.00700000000000145
"3","probe",0.95,70,1,1,TRUE,"ok",-58.9871940087004,-6.32207207031408,-0.0318015667853898,-65.3410676457998,0.00799999999999912
"3","probe",0.95,71,1,1,TRUE,"ok",-65.4714213919507,-3.6185978984596,-0.0920107132106771,-69.182030003621,0.00699999999999967
"3","probe",0.95,72,1,1,TRUE,"ok",-59.6963929189522,-7.81369583986778,-0.00777342958645074,-67.5178621884064,0.0080000000000009
"3","probe",0.95,73,1,1,TRUE,"ok",-59.1809397431602,-5.27073074264476,-0.0173879900943203,-64.4690584758993,0.00699999999999967
"3","probe",0.95,74,1,1,TRUE,"ok",-59.9680345070587,-3.65915068278772,-0.0280137864874559,-63.6551989763338,0.0080000000000009
"3","probe",0.95,75,1,1,TRUE,"ok",-60.8681724972102,-4.16515346465472,-0.0086610823609789,-65.0419870442259,0.00900000000000034
"3","probe",0.95,76,1,1,TRUE,"ok",-59.485126505757,-6.10330218213845,-0.0441096407891177,-65.6325383286845,0.00700000000000145
"3","probe",0.95,77,1,1,TRUE,"ok",-60.8259496950981,-2.886929992995,-0.0238236744352592,-63.7367033625284,0.00699999999999967
"3","probe",0.95,78,1,1,TRUE,"ok",-62.8903001605324,-5.85049209928634,-0.0668832401863041,-68.807675500005,0.00700000000000145
"3","probe",0.95,79,1,1,TRUE,"ok",-58.4621587503327,-7.4433058330562,-0.0315262374935881,-65.9369908208824,0.00699999999999967
"3","probe",0.95,80,1,1,TRUE,"ok",-63.5888213589586,-3.71626127775573,-0.0443764088922131,-67.3494590456065,0.0080000000000009
"3","probe",0.95,81,1,1,TRUE,"ok",-61.981022359739,-7.38014808333229,-0.025438759715453,-69.3866092027867,0.00900000000000034
"3","validation",NA,1,1,1,TRUE,"ok",-60.1654025552541,-6.81370437570477,-0.0219131578415416,-67.0010200888005,0.00699999999999967
"3","validation",NA,2,1,1,TRUE,"ok",-62.9736245509962,-5.8086564658059,-0.0158142672548234,-68.7980952840569,0.00700000000000145
"3","validation",NA,3,1,1,TRUE,"ok",-60.4449865035126,-4.76098200639763,-0.0317279485116308,-65.2376964584219,0.00699999999999967
"3","validation",NA,4,1,1,TRUE,"ok",-58.6597558691244,-8.00907212240308,-0.0139765992240514,-66.6828045907515,0.00699999999999967
"3","validation",NA,5,1,1,TRUE,"ok",-64.724917419282,-2.46796371719947,-0.0278035152805343,-67.220684651762,0.00799999999999912
"3","validation",NA,6,1,1,TRUE,"ok",-64.298163376747,-3.76954460482003,-0.0496808722324981,-68.1173888537996,0.0080000000000009
"3","validation",NA,7,1,1,TRUE,"ok",-59.3609234163071,-8.19159205140876,-0.0184051637149065,-67.5709206314308,0.0080000000000009
"3","validation",NA,8,1,1,TRUE,"ok",-59.3197171524685,-7.87355920843034,-0.0320552684620637,-67.2253316293609,0.0080000000000009
"3","validation",NA,9,1,1,TRUE,"ok",-62.6196813009418,-3.76557964145369,-0.0445004407711993,-66.4297613831667,0.00799999999999912
"3","validation",NA,10,1,1,TRUE,"ok",-60.6960781477009,-3.14526731385596,-0.038233636633296,-63.8795790981902,0.0080000000000009
"3","validation",NA,11,1,1,TRUE,"ok",-62.2968883367699,-3.14384054516628,-0.0557613782627391,-65.496490260199,0.00699999999999967
"3","validation",NA,12,1,1,TRUE,"ok",-57.8829553931487,-9.24376977222839,-0.0132094816274851,-67.1399346470045,0.00600000000000023
"3","validation",NA,13,1,1,TRUE,"ok",-61.608237256379,-5.91631820674447,-0.0348941618372221,-67.5594496249606,0.00699999999999967
"3","validation",NA,14,1,1,TRUE,"ok",-66.5837345940421,-6.38561309635072,-0.0329923122170653,-73.0023400026099,0.00600000000000023
"3","validation",NA,15,1,1,TRUE,"ok",-58.7398001897577,-6.42992859674025,-0.0151134712682104,-65.1848422577661,0.00699999999999967
"3","validation",NA,16,1,1,TRUE,"ok",-58.0621684380054,-7.28792191453026,-0.0147943363076456,-65.3648846888433,0.00900000000000034
"3","validation",NA,17,1,1,TRUE,"ok",-59.1977496069744,-4.73557117722721,-0.0166208342632652,-63.9499416184649,0.00799999999999912
"3","validation",NA,18,1,1,TRUE,"ok",-59.8520470691677,-2.60588635533531,-0.0224408221887412,-62.4803742466918,0.00699999999999967
"3","validation",NA,19,1,1,TRUE,"ok",-60.5030059708572,-5.40826121963972,-0.0498242220139547,-65.9610914125109,0.00699999999999967
"3","validation",NA,20,1,1,TRUE,"ok",-60.6723531025418,-3.47469073222251,-0.0184151968610201,-64.1654590316254,0.00699999999999967
"3","validation",NA,21,1,1,TRUE,"ok",-57.7938320187052,-5.55751521778228,-0.0174985802700558,-63.3688458167576,0.00900000000000034
"3","validation",NA,22,1,1,TRUE,"ok",-59.3595310331054,-6.17555417318248,-0.021889786827821,-65.5569749931157,0.00699999999999967
"3","validation",NA,23,1,1,TRUE,"ok",-63.8456484083216,-2.91499661906814,-0.0279922017086945,-66.7886372290985,0.00699999999999967
"3","validation",NA,24,1,1,TRUE,"ok",-60.032662933685,-8.76685103088157,-0.00967766489432475,-68.8091916294609,0.0080000000000009
"3","validation",NA,25,1,1,TRUE,"ok",-63.2948799782805,-6.47518837651988,-0.0175819757999241,-69.7876503306003,0.0080000000000009
"3","validation",NA,26,1,1,TRUE,"ok",-63.4889641499848,-2.52438292058152,-0.0165364026718896,-66.0298834732382,0.00900000000000034
"3","validation",NA,27,1,1,TRUE,"ok",-59.9909987370474,-3.73579369309431,-0.019850605031581,-63.7466430351733,0.00799999999999912
"3","validation",NA,28,1,1,TRUE,"ok",-58.2108740645767,-5.90164885545035,-0.0320373606633247,-64.1445602806904,0.00799999999999912
"3","validation",NA,29,1,1,TRUE,"ok",-61.426964621333,-4.2187777045565,-0.0446353183344506,-65.690377644224,0.00699999999999967
"3","validation",NA,30,1,1,TRUE,"ok",-58.9024622424133,-7.88618835696856,-0.0127617236647771,-66.8014123230466,0.00699999999999967
"3","validation",NA,31,1,1,TRUE,"ok",-61.3761144777646,-2.44984045999865,-0.0251665505478494,-63.8511214883111,0.00999999999999979
"3","validation",NA,32,1,1,TRUE,"ok",-58.8616691490446,-3.34447879580306,-0.0143723777655611,-62.2205203226132,0.00699999999999967
"3","validation",NA,33,1,1,TRUE,"ok",-60.2046430449934,-5.15458211581323,-0.0287266798628887,-65.3879518406696,0.00699999999999967
"3","validation",NA,34,1,1,TRUE,"ok",-58.409719098707,-5.98669077318139,-0.0212612707225256,-64.417671142611,0.00699999999999967
"3","validation",NA,35,1,1,TRUE,"ok",-60.3835510034925,-4.20542404043958,-0.0167246236172974,-64.6056996675494,0.0080000000000009
"3","validation",NA,36,1,1,TRUE,"ok",-57.9660601832548,-4.95393200035659,-0.0205425051225577,-62.9405346887339,0.00699999999999967
"3","validation",NA,37,1,1,TRUE,"ok",-62.2738035118788,-6.12102787071491,-0.0178295804596976,-68.4126609630534,0.00899999999999856
"3","validation",NA,38,1,1,TRUE,"ok",-63.8816850779602,-2.83056937924941,-0.0627481053668463,-66.7750025625765,0.00699999999999967
"3","validation",NA,39,1,1,TRUE,"ok",-60.5213680472114,-3.39160182295054,-0.0199522544791939,-63.9329221246411,0.00699999999999967
"3","validation",NA,40,1,1,TRUE,"ok",-59.4945253091195,-4.99809926400955,-0.0164794863880933,-64.5091040595172,0.00699999999999967
"3","validation",NA,41,1,1,TRUE,"ok",-58.7553056920536,-6.31120064812815,-0.013755248039539,-65.0802615882213,0.00699999999999967
"3","validation",NA,42,1,1,TRUE,"ok",-58.0526252746549,-7.05515985572973,-0.0201788471260687,-65.1279639775107,0.0080000000000009
"3","validation",NA,43,1,1,TRUE,"ok",-59.2706264888217,-4.87436667194163,-0.0345089681551004,-64.1795021289184,0.00699999999999967
"3","validation",NA,44,1,1,TRUE,"ok",-60.9453024311645,-4.46875590603788,-0.0217927933135569,-65.4358511305159,0.00799999999999912
"3","validation",NA,45,1,1,TRUE,"ok",-62.4555437375495,-3.09810849948811,-0.0157879630161484,-65.5694402000537,0.00700000000000145
"3","validation",NA,46,1,1,TRUE,"ok",-58.8715469190176,-6.81713215418121,-0.0132520679116496,-65.7019311411104,0.00799999999999912
"3","validation",NA,47,1,1,TRUE,"ok",-61.6112799093202,-3.73151067537343,-0.025250827713267,-65.3680414124069,0.00900000000000034
"3","validation",NA,48,1,1,TRUE,"ok",-65.1528176413692,-3.9739477090415,-0.0695263229722881,-69.196291673383,0.00699999999999967
"3","validation",NA,49,1,1,TRUE,"ok",-60.275528151721,-3.187749059262,-0.0129115373257272,-63.4761887483087,0.00700000000000145
"3","validation",NA,50,1,1,TRUE,"ok",-60.830040624583,-3.7378304792208,-0.0300448257479544,-64.5979159295517,0.00799999999999912
"3","validation",NA,51,1,1,TRUE,"ok",-60.4883142001815,-3.56211180582789,-0.0246329540964169,-64.0750589601058,0.00799999999999912
"3","validation",NA,52,1,1,TRUE,"ok",-64.8770601488689,-4.9341726081067,-0.0460219069002366,-69.8572546638759,0.00900000000000034
"3","validation",NA,53,1,1,TRUE,"ok",-60.0445562327031,-7.28670689984552,-0.0167868265146536,-67.3480499590632,0.0080000000000009
"3","validation",NA,54,1,1,TRUE,"ok",-58.543029407547,-4.11465688552433,-0.021035632906015,-62.6787219259773,0.00699999999999967
"3","validation",NA,55,1,1,TRUE,"ok",-61.5340035624214,-2.60471670010282,-0.0200072171788173,-64.158727479703,0.00799999999999912
"3","validation",NA,56,1,1,TRUE,"ok",-60.7738708864901,-9.66361235073455,-0.00850481121746745,-70.4459880484421,0.0080000000000009
"3","validation",NA,57,1,1,TRUE,"ok",-62.4746111549752,-5.17940625633857,-0.0105974226594237,-67.6646148339732,0.00699999999999967
"3","validation",NA,58,1,1,TRUE,"ok",-58.8124283016457,-5.08782731465422,-0.0213667835541897,-63.9216223998541,0.00900000000000034
"3","validation",NA,59,1,1,TRUE,"ok",-60.104058420924,-2.02786187058209,-0.0233271026531513,-62.1552473941592,0.00600000000000023
"3","validation",NA,60,1,1,TRUE,"ok",-57.7839821947111,-7.98243453191609,-0.0352158539488687,-65.8016325805761,0.00699999999999967
"3","validation",NA,61,1,1,TRUE,"ok",-61.2143499718732,-4.82252328060657,-0.0130197914929849,-66.0498930439727,0.00600000000000023
"3","validation",NA,62,1,1,TRUE,"ok",-62.8138745067837,-5.44438790448392,-0.0364449013763019,-68.2947073126439,0.00600000000000023
"3","validation",NA,63,1,1,TRUE,"ok",-59.1905895360732,-3.32756020368201,-0.0274766107139966,-62.5456263504692,0.00799999999999912
"3","validation",NA,64,1,1,TRUE,"ok",-58.8029620152637,-10.576617012305,-0.014061048035067,-69.3936400756038,0.00700000000000145
"3","validation",NA,65,1,1,TRUE,"ok",-60.8077426993107,-8.24626783176972,-0.0256745134178865,-69.0796850444983,0.00699999999999967
"3","validation",NA,66,1,1,TRUE,"ok",-59.3440807614837,-3.11165406780371,-0.0213065196769482,-62.4770413489644,0.00700000000000145
"3","validation",NA,67,1,1,TRUE,"ok",-60.4545981965733,-5.96371320523581,-0.0149683588982299,-66.4332797607073,0.00600000000000023
"3","validation",NA,68,1,1,TRUE,"ok",-62.0497577053744,-4.52618188150964,-0.0584088547900901,-66.6343484416741,0.0080000000000009
"3","validation",NA,69,1,1,TRUE,"ok",-63.5776935511905,-4.88099925658381,-0.012651524758091,-68.4713443325324,0.00600000000000023
"3","validation",NA,70,1,1,TRUE,"ok",-61.4355681434049,-2.9761670373591,-0.0311137443749671,-64.442848925139,0.00699999999999967
"3","validation",NA,71,1,1,TRUE,"ok",-61.0821085601766,-2.12842277908098,-0.028030732697719,-63.2385620719553,0.00699999999999967
"3","validation",NA,72,1,1,TRUE,"ok",-60.3152267899563,-3.90026108685949,-0.0383715152325491,-64.2538593920483,0.00699999999999967
"3","validation",NA,73,1,1,TRUE,"ok",-64.1504837553269,-7.34646206194723,-0.0236010282581742,-71.5205468455323,0.00699999999999967
"3","validation",NA,74,1,1,TRUE,"ok",-62.2235610023519,-3.16973575286009,-0.0217989934065074,-65.4150957486185,0.00600000000000023
"3","validation",NA,75,1,1,TRUE,"ok",-60.0127776317007,-5.96038451469446,-0.0282248511863219,-66.0013869975815,0.00699999999999967
"3","validation",NA,76,1,1,TRUE,"ok",-61.6111959576258,-5.49995632477652,-0.0272751538704537,-67.1384274362727,0.00600000000000023
"3","validation",NA,77,1,1,TRUE,"ok",-63.9097583872716,-6.42107631922114,-0.032233558830404,-70.3630682653231,0.00699999999999967
"3","validation",NA,78,1,1,TRUE,"ok",-59.0827823322198,-3.45493358016126,-0.0165547561040008,-62.554270668485,0.00600000000000023
"3","validation",NA,79,1,1,TRUE,"ok",-59.107470089538,-7.56989256771938,-0.0101935859407827,-66.6875562431982,0.00899999999999856
"3","validation",NA,80,1,1,TRUE,"ok",-58.5082133626154,-8.97931260859626,-0.0230596833734735,-67.5105856545852,0.00600000000000023
"3","validation",NA,81,1,1,TRUE,"ok",-60.0463490802004,-7.25853262442149,-0.0217627976147118,-67.3266445022366,0.00699999999999967
"3","validation",NA,82,1,1,TRUE,"ok",-58.5626513411042,-7.47330933445226,-0.0115959448698932,-66.0475566204263,0.00699999999999967
"3","validation",NA,83,1,1,TRUE,"ok",-60.3492612682282,-3.99904677353797,-0.0471564419417305,-64.3954644837079,0.00699999999999967
"3","validation",NA,84,1,1,TRUE,"ok",-61.1429506768298,-6.50855969318217,-0.0117222241615813,-67.6632325941736,0.0080000000000009
"3","validation",NA,85,1,1,TRUE,"ok",-62.506127174981,-2.72954998830411,-0.0187070627761356,-65.2543842260612,0.00600000000000023
"3","validation",NA,86,1,1,TRUE,"ok",-59.8805213565472,-3.75655809274911,-0.0305687670768179,-63.6676482163732,0.00699999999999967
"3","validation",NA,87,1,1,TRUE,"ok",-58.2664041871179,-7.21814743728549,-0.0278542324501264,-65.5124058568536,0.00799999999999912
"3","validation",NA,88,1,1,TRUE,"ok",-59.3456919471838,-5.9056906366096,-0.030394758684567,-65.2817773424779,0.00700000000000145
"3","validation",NA,89,1,1,TRUE,"ok",-61.4743089731687,-5.82412525557766,-0.00676869475360323,-67.3052029234999,0.00799999999999912
"3","validation",NA,90,1,1,TRUE,"ok",-59.3507001711706,-5.57198507657035,-0.0160399334628304,-64.9387251812038,0.00699999999999967
"3","validation",NA,91,1,1,TRUE,"ok",-60.9827139741947,-3.15252351424495,-0.0203312014811222,-64.1555686899208,0.00600000000000023
"3","validation",NA,92,1,1,TRUE,"ok",-59.8275279675896,-5.30580842809282,-0.0272434238738613,-65.1605798195562,0.00699999999999967
"3","validation",NA,93,1,1,TRUE,"ok",-61.7198837570019,-3.84355039607009,-0.0125841175461603,-65.5760182706181,0.00700000000000145
"3","validation",NA,94,1,1,TRUE,"ok",-63.6916080894368,-3.12861204483098,-0.0146912285604581,-66.8349113628282,0.00699999999999967
"3","validation",NA,95,1,1,TRUE,"ok",-58.668940785369,-7.16430788818335,-0.0174286602231363,-65.8506773337755,0.0080000000000009
"3","validation",NA,96,1,1,TRUE,"ok",-60.4294787729655,-5.42745581483271,-0.0240470806781789,-65.8809816684764,0.00699999999999967
"3","validation",NA,97,1,1,TRUE,"ok",-59.3701667033924,-5.05421321414661,-0.0281484366023042,-64.4525283541413,0.00699999999999967
"3","validation",NA,98,1,1,TRUE,"ok",-63.3659348251704,-5.74888074930404,-0.00912852469908959,-69.1239440991736,0.00699999999999967
"3","validation",NA,99,1,1,TRUE,"ok",-61.2642151966878,-4.36787147234137,-0.0336582559853655,-65.6657449250145,0.00699999999999967
"3","validation",NA,100,1,1,TRUE,"ok",-61.178901264782,-3.2309914029639,-0.0305567573726751,-64.4404494251186,0.0080000000000009
"3","validation",NA,101,1,1,TRUE,"ok",-61.3040068635169,-3.67091015357376,-0.042530968170952,-65.0174479852616,0.00699999999999967
"3","validation",NA,102,1,1,TRUE,"ok",-61.1224137605118,-6.17008874310983,-0.0255724377805047,-67.3180749414022,0.00700000000000145
"3","validation",NA,103,1,1,TRUE,"ok",-61.1600260856508,-5.69810672287375,-0.0261052965335003,-66.884238105058,0.00799999999999912
"3","validation",NA,104,1,1,TRUE,"ok",-57.8976569380145,-7.9157534833571,-0.0173129501411739,-65.8307233715127,0.00700000000000145
"3","validation",NA,105,1,1,TRUE,"ok",-61.9464683486313,-4.57577842942496,-0.0356157947760148,-66.5578625728323,0.00799999999999912
"3","validation",NA,106,1,1,TRUE,"ok",-61.611860949495,-5.68551052848758,-0.0099116041918275,-67.3072830821744,0.00700000000000145
"3","validation",NA,107,1,1,TRUE,"ok",-59.8161777427878,-6.90578710815223,-0.0189600536598458,-66.7409249045998,0.00600000000000023
"3","validation",NA,108,1,1,TRUE,"ok",-60.9037680774109,-7.4157424778671,-0.0476163578934797,-68.3671269131715,0.00600000000000023
"3","validation",NA,109,1,1,TRUE,"ok",-60.2422669514869,-8.13753981759562,-0.0299191317665735,-68.4097259008491,0.00699999999999967
"3","validation",NA,110,1,1,TRUE,"ok",-60.9880105856968,-5.69087580187467,-0.0344071794934596,-66.7132935670649,0.00700000000000145
"3","validation",NA,111,1,1,TRUE,"ok",-61.1389027493989,-8.00581882171116,-0.0218104394679498,-69.166532010578,0.00799999999999912
"3","validation",NA,112,1,1,TRUE,"ok",-61.0880639339807,-3.9930729186788,-0.0233497585184216,-65.1044866111779,0.00700000000000145
"3","validation",NA,113,1,1,TRUE,"ok",-59.26125625446,-10.172239116904,-0.0152486782240861,-69.4487440495881,0.00699999999999967
"3","validation",NA,114,1,1,TRUE,"ok",-62.7345991082837,-6.55796372593199,-0.0261780087115942,-69.3187408429273,0.00699999999999967
"3","validation",NA,115,1,1,TRUE,"ok",-62.0536047350336,-3.5730820210642,-0.0429228260645786,-65.6696095821624,0.00699999999999967
"3","validation",NA,116,1,1,TRUE,"ok",-62.2042033877738,-3.10151635450582,-0.0290514791520348,-65.3347712214317,0.0080000000000009
"3","validation",NA,117,1,1,TRUE,"ok",-61.6279956544341,-2.31782583607585,-0.0182663964570088,-63.964087886967,0.00600000000000023
"3","validation",NA,118,1,1,TRUE,"ok",-60.3270456412482,-2.95043474512747,-0.0161318462244319,-63.2936122326001,0.00699999999999967
"3","validation",NA,119,1,1,TRUE,"ok",-61.6532361824427,-3.41844432018311,-0.0527216429477872,-65.1244021455736,0.00699999999999967
"3","validation",NA,120,1,1,TRUE,"ok",-62.2851129786453,-2.87892620373778,-0.0148535991762365,-65.1788927815593,0.00600000000000023
"3","validation",NA,121,1,1,TRUE,"ok",-59.620073301906,-4.53134301825837,-0.0119680251957833,-64.1633843453601,0.0080000000000009
"3","validation",NA,122,1,1,TRUE,"ok",-61.2381278051174,-5.14608793696171,-0.0169415004378889,-66.401157242517,0.0080000000000009
"3","validation",NA,123,1,1,TRUE,"ok",-60.0471733976829,-3.77077658316134,-0.0235882948070532,-63.8415382756513,0.00699999999999967
"3","validation",NA,124,1,1,TRUE,"ok",-60.0651645379823,-3.71438979742645,-0.0240254920251438,-63.8035798274339,0.00699999999999967
"3","validation",NA,125,1,1,TRUE,"ok",-58.7902817823835,-6.70839526487849,-0.026844654217049,-65.5255217014791,0.00699999999999967
"3","validation",NA,126,1,1,TRUE,"ok",-60.8593184852466,-2.73518506066107,-0.015594159174591,-63.6100977050823,0.0080000000000009
"3","validation",NA,127,1,1,TRUE,"ok",-60.57449716738,-4.42940554494647,-0.0238902733616267,-65.0277929856881,0.0080000000000009
"3","validation",NA,128,1,1,TRUE,"ok",-59.3500737702432,-7.65920483430497,-0.0219618069011399,-67.0312404114493,0.00799999999999912
"3","validation",NA,129,1,1,TRUE,"ok",-62.8073711798146,-3.02113985951008,-0.0502433255591047,-65.8787543648837,0.00699999999999967
"3","validation",NA,130,1,1,TRUE,"ok",-62.6151128123914,-3.7079289874667,-0.0225803809919412,-66.34562218085,0.00699999999999967
"3","validation",NA,131,1,1,TRUE,"ok",-61.1683249605938,-7.54919246589406,-0.0213071026781751,-68.738824529166,0.00799999999999912
"3","validation",NA,132,1,1,TRUE,"ok",-63.0731290779715,-8.12541598909472,-0.0204830497973357,-71.2190281168635,0.00799999999999912
"3","validation",NA,133,1,1,TRUE,"ok",-58.8178924033536,-4.8691490686249,-0.00996173641232018,-63.6970032083908,0.0080000000000009
"3","validation",NA,134,1,1,TRUE,"ok",-60.4537210812591,-3.78533685076405,-0.0311800508729053,-64.270237982896,0.00900000000000034
"3","validation",NA,135,1,1,TRUE,"ok",-61.0806051292522,-5.51383056960606,-0.0164595623731536,-66.6108952612314,0.00699999999999967
"3","validation",NA,136,1,1,TRUE,"ok",-63.1801451123406,-3.27203917725392,-0.0324394379064413,-66.484623727501,0.00799999999999912
"3","validation",NA,137,1,1,TRUE,"ok",-59.4852641972418,-3.8815469377301,-0.0278431206093976,-63.3946542555813,0.00999999999999979
"3","validation",NA,138,1,1,TRUE,"ok",-62.7182700711422,-3.57802207227331,-0.0334897473532971,-66.3297818907688,0.00699999999999967
"3","validation",NA,139,1,1,TRUE,"ok",-60.291290198506,-6.02832783819958,-0.01937039363418,-66.3389884303398,0.0080000000000009
"3","validation",NA,140,1,1,TRUE,"ok",-60.9890716060054,-6.11803160151515,-0.0292552617755959,-67.1363584692962,0.00699999999999967
"3","validation",NA,141,1,1,TRUE,"ok",-60.4295520682228,-3.75729132957923,-0.0263187998995985,-64.2131621977016,0.0080000000000009
"3","validation",NA,142,1,1,TRUE,"ok",-61.0289786325439,-5.05500800525399,-0.0136932577157563,-66.0976798955137,0.0080000000000009
"3","validation",NA,143,1,1,TRUE,"ok",-60.414166614325,-4.97414469422389,-0.0148114121278093,-65.4031227206767,0.00699999999999967
"3","validation",NA,144,1,1,TRUE,"ok",-62.9155551300654,-6.34417640838782,-0.0206244316186416,-69.2803559700719,0.00599999999999845
"3","validation",NA,145,1,1,TRUE,"ok",-58.4154675026511,-6.98467056265753,-0.0127239045200734,-65.4128619698287,0.00699999999999967
"3","validation",NA,146,1,1,TRUE,"ok",-60.0503644148784,-9.36772380106193,-0.0119594251870245,-69.4300476411274,0.00699999999999967
"3","validation",NA,147,1,1,TRUE,"ok",-61.8174114672159,-4.54253376245467,-0.0238333472645891,-66.3837785769352,0.00700000000000145
"3","validation",NA,148,1,1,TRUE,"ok",-59.1050470963401,-8.27408979867597,-0.0323674579871597,-67.4115043530032,0.00699999999999967
"3","validation",NA,149,1,1,TRUE,"ok",-58.4481789742952,-6.5045940256734,-0.0145546073639509,-64.9673276073326,0.00799999999999912
"3","validation",NA,150,1,1,TRUE,"ok",-65.8182486639414,-4.17462117808436,-0.0305924376870567,-70.0234622797128,0.0080000000000009
"3","validation",NA,151,1,1,TRUE,"ok",-61.7954359545154,-3.48679273837708,-0.0311503694772061,-65.3133790623697,0.00699999999999967
"3","validation",NA,152,1,1,TRUE,"ok",-59.138661552275,-6.30090156106716,-0.0146860905595883,-65.4542492039018,0.00799999999999912
"3","validation",NA,153,1,1,TRUE,"ok",-62.071658759303,-7.68497808405191,-0.0395046128781904,-69.7961414562331,0.0080000000000009
"3","validation",NA,154,1,1,TRUE,"ok",-60.242362405869,-3.49330013896167,-0.020062289030984,-63.7557248338616,0.00600000000000023
"3","validation",NA,155,1,1,TRUE,"ok",-58.8402976146072,-5.19659295967772,-0.0316520951975623,-64.0685426694825,0.00700000000000145
"3","validation",NA,156,1,1,TRUE,"ok",-61.8250678863765,-2.98100607431775,-0.0186715220074446,-64.8247454827017,0.00600000000000023
"3","validation",NA,157,1,1,TRUE,"ok",-63.8604748097178,-2.94418274414089,-0.0165921775974332,-66.8212497314561,0.00699999999999967
"3","validation",NA,158,1,1,TRUE,"ok",-60.1410907980075,-4.47182006903489,-0.0328017038989829,-64.6457125709414,0.00799999999999912
"3","validation",NA,159,1,1,TRUE,"ok",-64.5878386884837,-3.63690930732825,-0.0319872305679062,-68.2567352263799,0.00700000000000145
"3","validation",NA,160,1,1,TRUE,"ok",-59.203961467572,-4.49124464544645,-0.0235115737291016,-63.7187176867476,0.00699999999999967
"3","validation",NA,161,1,1,TRUE,"ok",-61.7454357528027,-5.37846786087918,-0.00910302504285936,-67.1330066387247,0.00600000000000023
"3","validation",NA,162,1,1,TRUE,"ok",-58.7603837192888,-7.91545620033722,-0.0181257393700936,-66.6939656589961,0.00699999999999967
"3","validation",NA,163,1,1,TRUE,"ok",-59.8181061759895,-3.02554158394463,-0.0209099937392885,-62.8645577536735,0.00799999999999912
"3","validation",NA,164,1,1,TRUE,"ok",-61.0491701529157,-8.14556759402581,-0.051112913126209,-69.2458506600678,0.00699999999999967
"3","validation",NA,165,1,1,TRUE,"ok",-63.3338693150473,-5.04305356167209,-0.0275548152100335,-68.4044776919294,0.00699999999999967
"3","validation",NA,166,1,1,TRUE,"ok",-57.9500840828209,-5.46168820980366,-0.0165475000393086,-63.4283197926639,0.00799999999999912
"3","validation",NA,167,1,1,TRUE,"ok",-58.3510054291333,-6.04854346826287,-0.0202697339047616,-64.4198186313009,0.00700000000000145
"3","validation",NA,168,1,1,TRUE,"ok",-58.4408403820358,-4.57452105068075,-0.0183702277336917,-63.0337316604502,0.00699999999999967
"3","validation",NA,169,1,1,TRUE,"ok",-60.6499088070884,-7.57248739370044,-0.0175758325865337,-68.2399720333753,0.00900000000000034
"3","validation",NA,170,1,1,TRUE,"ok",-59.2667976780654,-5.22461364719142,-0.0153041769722175,-64.506715502229,0.00699999999999967
"3","validation",NA,171,1,1,TRUE,"ok",-62.7890085295823,-5.56432762127678,-0.0821887815745535,-68.4355249324337,0.00699999999999967
"3","validation",NA,172,1,1,TRUE,"ok",-60.6849191465977,-3.02217457668878,-0.0204184614271595,-63.7275121847136,0.00699999999999967
"3","validation",NA,173,1,1,TRUE,"ok",-59.3823010344933,-5.78526914614558,-0.0411044551577106,-65.2086746357966,0.00699999999999967
"3","validation",NA,174,1,1,TRUE,"ok",-60.6414744159197,-3.38596688434016,-0.0211133014733368,-64.0485546017332,0.0080000000000009
"3","validation",NA,175,1,1,TRUE,"ok",-58.620535200559,-6.24719982235645,-0.0308593157392817,-64.8985943386547,0.00600000000000023
"3","validation",NA,176,1,1,TRUE,"ok",-62.074812414421,-3.57330966645224,-0.0231026555170625,-65.6712247363903,0.00700000000000145
"3","validation",NA,177,1,1,TRUE,"ok",-61.8417447267474,-3.8019235423078,-0.00835500001889655,-65.6520232690741,0.00600000000000023
"3","validation",NA,178,1,1,TRUE,"ok",-60.4493188210323,-7.92446127480121,-0.0197036151077231,-68.3934837109412,0.00600000000000023
"3","validation",NA,179,1,1,TRUE,"ok",-60.1272238647274,-5.18855039071421,-0.0437301729548876,-65.3595044283965,0.0080000000000009
"3","validation",NA,180,1,1,TRUE,"ok",-60.5286359121051,-4.39441036150183,-0.0176811611482472,-64.9407274347551,0.00699999999999967
"3","validation",NA,181,1,1,TRUE,"ok",-61.511270404484,-9.48619712658281,-0.010162774757929,-71.0076303058248,0.00700000000000145
"3","validation",NA,182,1,1,TRUE,"ok",-65.7781075919881,-4.17590211380589,-0.050410589226915,-70.0044202950209,0.00699999999999967
"3","validation",NA,183,1,1,TRUE,"ok",-59.0083866619754,-8.97192902261362,-0.0110183869690951,-67.9913340715581,0.00699999999999967
"3","validation",NA,184,1,1,TRUE,"ok",-59.2612678851408,-5.6559429171586,-0.0206291284581281,-64.9378399307575,0.00799999999999912
"3","validation",NA,185,1,1,TRUE,"ok",-63.894562754376,-2.51809614658146,-0.0188700433868684,-66.4315289443443,0.00700000000000145
"3","validation",NA,186,1,1,TRUE,"ok",-59.2469922530184,-5.58846863811696,-0.0102427472846664,-64.84570363842,0.00600000000000023
"3","validation",NA,187,1,1,TRUE,"ok",-61.3019474316131,-3.22165954852576,-0.0299425542646971,-64.5535495344035,0.00699999999999967
"3","validation",NA,188,1,1,TRUE,"ok",-59.6884114625432,-3.80443664494952,-0.021020958296655,-63.5138690657894,0.00699999999999967
"3","validation",NA,189,1,1,TRUE,"ok",-62.0575562346725,-4.04038758124093,-0.02959846045391,-66.1275422763674,0.00700000000000145
"3","validation",NA,190,1,1,TRUE,"ok",-61.283727241487,-4.82544624055326,-0.0203227257678755,-66.1294962078081,0.00999999999999979
"3","validation",NA,191,1,1,TRUE,"ok",-61.0848681354429,-3.33647930154579,-0.0260697342273563,-64.4474171712161,0.00600000000000023
"3","validation",NA,192,1,1,TRUE,"ok",-63.0398210499117,-4.33773750629965,-0.0337143568506004,-67.411272913062,0.00700000000000145
"3","validation",NA,193,1,1,TRUE,"ok",-58.6529687570124,-4.77798122698579,-0.0251481634248492,-63.4560981474231,0.00799999999999912
"3","validation",NA,194,1,1,TRUE,"ok",-61.8985664715441,-4.23358942067321,-0.0131874566736819,-66.145343348891,0.0080000000000009
"3","validation",NA,195,1,1,TRUE,"ok",-58.4119405291999,-4.9800237353139,-0.0284777153852789,-63.4204419798991,0.00799999999999912
"3","validation",NA,196,1,1,TRUE,"ok",-60.3812098284277,-3.22101737010131,-0.038568684394876,-63.6407958829239,0.00699999999999967
"3","validation",NA,197,1,1,TRUE,"ok",-60.0602958328138,-5.50584848793866,-0.0278266994955001,-65.593971020248,0.00799999999999912
"3","validation",NA,198,1,1,TRUE,"ok",-60.125560118781,-4.93496725297013,-0.0275274965135569,-65.0880548682647,0.00600000000000023
"3","validation",NA,199,1,1,TRUE,"ok",-58.8910345370514,-6.74164841200087,-0.018994008073549,-65.6516769571258,0.00600000000000023
"3","validation",NA,200,1,1,TRUE,"ok",-59.8338539272181,-5.16541966354028,-0.0149817031366227,-65.014255293895,0.0080000000000009
"3","validation",NA,201,1,1,TRUE,"ok",-59.8022082540596,-4.72522995532551,-0.0268079966061602,-64.5542462059913,0.00699999999999967
"3","validation",NA,202,1,1,TRUE,"ok",-59.1374393694429,-7.79911251477935,-0.0154262016226595,-66.951978085845,0.00699999999999967
"3","validation",NA,203,1,1,TRUE,"ok",-59.9516365403965,-6.43407585032592,-0.0126935932457402,-66.3984059839681,0.00699999999999967
"3","validation",NA,204,1,1,TRUE,"ok",-62.3094671205648,-2.15097621482584,-0.0356503096021164,-64.4960936449927,0.00699999999999967
"3","validation",NA,205,1,1,TRUE,"ok",-62.0405425468967,-3.54427233199256,-0.0267533553415271,-65.6115682342308,0.00699999999999967
"3","validation",NA,206,1,1,TRUE,"ok",-62.1388434220476,-3.21931444492684,-0.0390133767125832,-65.3971712436871,0.00799999999999912
"3","validation",NA,207,1,1,TRUE,"ok",-61.1704094448028,-7.58259436236458,-0.0250200872396359,-68.778023894407,0.00599999999999845
"3","validation",NA,208,1,1,TRUE,"ok",-58.9198961594294,-4.06419616048201,-0.0124934458082008,-62.9965857657196,0.00699999999999967
"3","validation",NA,209,1,1,TRUE,"ok",-62.5699621120256,-5.75427006316234,-0.0352736904144006,-68.3595058656024,0.00699999999999967
"3","validation",NA,210,1,1,TRUE,"ok",-61.0094377511326,-7.33788200536021,-0.0272551736497277,-68.3745749301425,0.00699999999999967
"3","validation",NA,211,1,1,TRUE,"ok",-59.6947113997888,-3.2219053642458,-0.0189797571562937,-62.9355965211909,0.00799999999999912
"3","validation",NA,212,1,1,TRUE,"ok",-59.6509372074986,-2.99075870089571,-0.016198590176892,-62.6578944985712,0.00699999999999967
"3","validation",NA,213,1,1,TRUE,"ok",-60.198142832643,-4.08323501291465,-0.0200578058953615,-64.301435651453,0.00600000000000023
"3","validation",NA,214,1,1,TRUE,"ok",-61.5102384412169,-3.23043180261097,-0.0385850510014415,-64.7792552948293,0.00700000000000145
"3","validation",NA,215,1,1,TRUE,"ok",-59.559905329336,-3.28755510519903,-0.0304940105442366,-62.8779544450793,0.00699999999999967
"3","validation",NA,216,1,1,TRUE,"ok",-61.3978734720758,-3.8083784969509,-0.0172227323453391,-65.2234747013721,0.0080000000000009
"3","validation",NA,217,1,1,TRUE,"ok",-57.2964519826501,-11.4238335945292,-0.0289738178463283,-68.7492593950257,0.00699999999999967
"3","validation",NA,218,1,1,TRUE,"ok",-57.8710917628655,-9.82515295799426,-0.0126325747531392,-67.7088772956129,0.00700000000000145
"3","validation",NA,219,1,1,TRUE,"ok",-60.7765034879433,-7.71484364959287,-0.048378908999359,-68.5397260465355,0.00699999999999967
"3","validation",NA,220,1,1,TRUE,"ok",-58.2584758094506,-5.43578493288468,-0.0302237275610987,-63.7244844698964,0.00700000000000145
"3","validation",NA,221,1,1,TRUE,"ok",-59.5886882968837,-5.36101040276441,-0.0216780330360739,-64.9713767326842,0.00799999999999912
"3","validation",NA,222,1,1,TRUE,"ok",-62.6465081089879,-3.33222135058018,-0.0513463252984739,-66.0300757848666,0.00700000000000145
"3","validation",NA,223,1,1,TRUE,"ok",-60.6693188977739,-5.70261622025239,-0.0101033455232444,-66.3820384635495,0.00699999999999967
"3","validation",NA,224,1,1,TRUE,"ok",-59.0444236366799,-4.44471518045742,-0.0186595942591707,-63.5077984113965,0.00699999999999967
"3","validation",NA,225,1,1,TRUE,"ok",-61.5591075010123,-3.93759072310541,-0.0173348428197256,-65.5140330669374,0.00699999999999967
"3","validation",NA,226,1,1,TRUE,"ok",-61.2626876084584,-2.86859738044805,-0.0200461803135239,-64.15133116922,0.00699999999999967
"3","validation",NA,227,1,1,TRUE,"ok",-62.4532829620695,-5.78207061987474,-0.0315850452387845,-68.266938627183,0.0080000000000009
"3","validation",NA,228,1,1,TRUE,"ok",-59.1623214356091,-4.32393551130256,-0.0153931688837449,-63.5016501157954,0.00600000000000023
"3","validation",NA,229,1,1,TRUE,"ok",-58.2569966109162,-12.964876903451,-0.0195160638834865,-71.2413895782506,0.00600000000000023
"3","validation",NA,230,1,1,TRUE,"ok",-59.6541636131492,-3.63336930356644,-0.0320690003062759,-63.3196019170219,0.0080000000000009
"3","validation",NA,231,1,1,TRUE,"ok",-58.9767854396836,-9.8197947673645,-0.00976237343397579,-68.8063425804821,0.00699999999999967
"3","validation",NA,232,1,1,TRUE,"ok",-59.9550476229007,-6.88961918450657,-0.0438992106473637,-66.8885660180546,0.0080000000000009
"3","validation",NA,233,1,1,TRUE,"ok",-63.4373711772823,-3.40823256354008,-0.0230831472023489,-66.8686868880247,0.0080000000000009
"3","validation",NA,234,1,1,TRUE,"ok",-59.9374179700135,-6.47500258389487,-0.0183952721105777,-66.4308158260189,0.00699999999999967
"3","validation",NA,235,1,1,TRUE,"ok",-58.8466371110645,-5.88914763012268,-0.0201407349896191,-64.7559254761768,0.00799999999999912
"3","validation",NA,236,1,1,TRUE,"ok",-59.7828574324107,-6.49411003198536,-0.0175384496334118,-66.2945059140295,0.0080000000000009
"3","validation",NA,237,1,1,TRUE,"ok",-62.8023946816706,-3.41715063966679,-0.0510163431812795,-66.2705616645187,0.00900000000000034
"3","validation",NA,238,1,1,TRUE,"ok",-63.7522101885234,-2.10854930972765,-0.0251013105089867,-65.88586080876,0.00699999999999967
"3","validation",NA,239,1,1,TRUE,"ok",-59.845479176567,-4.60168030815535,-0.0154957862498566,-64.4626552709722,0.0080000000000009
"3","validation",NA,240,1,1,TRUE,"ok",-60.3127444940833,-3.49755397173377,-0.0219786734083703,-63.8322771392255,0.00699999999999967
"3","validation",NA,241,1,1,TRUE,"ok",-62.6345099530027,-6.16418316054345,-0.0312762533242767,-68.8299693668704,0.0080000000000009
"3","validation",NA,242,1,1,TRUE,"ok",-63.8035013925806,-2.87663431925883,-0.0168728120345331,-66.697008523874,0.0080000000000009
"3","validation",NA,243,1,1,TRUE,"ok",-66.4959589852598,-4.08983435010331,-0.0276613447750211,-70.6134546801381,0.0080000000000009
"3","validation",NA,244,1,1,TRUE,"ok",-60.6512765309062,-3.60507774066832,-0.0162343986059647,-64.2725886701805,0.00699999999999967
"3","validation",NA,245,1,1,TRUE,"ok",-62.2812287886915,-2.61551258592692,-0.0452252869126904,-64.9419666615312,0.0080000000000009
"3","validation",NA,246,1,1,TRUE,"ok",-61.3991120273528,-4.2660994568772,-0.0221706980860982,-65.6873821823161,0.0080000000000009
"3","validation",NA,247,1,1,TRUE,"ok",-59.3146738268413,-7.04639032854376,-0.0473093649207845,-66.4083735203058,0.0080000000000009
"3","validation",NA,248,1,1,TRUE,"ok",-61.3579842666108,-4.20821517336633,-0.0284362086052093,-65.5946356485823,0.00899999999999856
"3","validation",NA,249,1,1,TRUE,"ok",-58.9694411328858,-6.36029533068319,-0.0151134266925834,-65.3448498902616,0.00699999999999967
"3","validation",NA,250,1,1,TRUE,"ok",-63.5449650997233,-3.56703849843164,-0.0505590554300874,-67.1625626535851,0.0080000000000009
"3","validation",NA,251,1,1,TRUE,"ok",-60.7041940543867,-2.38012719048237,-0.0341500137571205,-63.1184712586262,0.00799999999999912
"3","validation",NA,252,1,1,TRUE,"ok",-59.3363571869804,-4.45066156551964,-0.0192299860831941,-63.8062487385832,0.00699999999999967
"3","validation",NA,253,1,1,TRUE,"ok",-61.0862424071973,-3.65011914191121,-0.0116915378409649,-64.7480530869495,0.00900000000000034
"3","validation",NA,254,1,1,TRUE,"ok",-59.647150143581,-6.39026264304738,-0.0249721319406784,-66.0623849185691,0.00700000000000145
"3","validation",NA,255,1,1,TRUE,"ok",-58.9713063938606,-4.38686116312246,-0.0215913352347951,-63.3797588922179,0.00799999999999912
"3","validation",NA,256,1,1,TRUE,"ok",-61.4513603325607,-2.65801274769406,-0.0363470626998188,-64.1457201429546,0.00699999999999967
"3","validation",NA,257,1,1,TRUE,"ok",-60.8982306951616,-5.40774605038024,-0.024811526428368,-66.3307882719701,0.0080000000000009
"3","validation",NA,258,1,1,TRUE,"ok",-61.1810701168764,-4.11049821805371,-0.0145599266034133,-65.3061282615335,0.00999999999999979
"3","validation",NA,259,1,1,TRUE,"ok",-60.1753696096986,-3.67446382152796,-0.0182355910283717,-63.868069022255,0.00699999999999967
"3","validation",NA,260,1,1,TRUE,"ok",-60.6206476413343,-4.66085373336874,-0.0198494706461529,-65.3013508453492,0.00799999999999912
"3","validation",NA,261,1,1,TRUE,"ok",-58.5412609197825,-7.39211579953372,-0.0130760336437138,-65.9464527529599,0.0080000000000009
"3","validation",NA,262,1,1,TRUE,"ok",-59.6256288830886,-3.6289463888842,-0.0299997129468582,-63.2845749849196,0.00799999999999912
"3","validation",NA,263,1,1,TRUE,"ok",-61.0980796685345,-5.24228812422525,-0.0256157426961678,-66.365983535456,0.00900000000000034
"3","validation",NA,264,1,1,TRUE,"ok",-59.0316018527839,-5.0941873641283,-0.0238360237786085,-64.1496252406909,0.00699999999999967
"3","validation",NA,265,1,1,TRUE,"ok",-61.0371612717139,-1.92712418253047,-0.0241967429363597,-62.9884821971807,0.00699999999999967
"3","validation",NA,266,1,1,TRUE,"ok",-59.8198958268051,-5.71834126248221,-0.0237056798755053,-65.5619427691628,0.00799999999999912
"3","validation",NA,267,1,1,TRUE,"ok",-59.9723875776507,-4.37654927398505,-0.0255946947951102,-64.3745315464308,0.0080000000000009
"3","validation",NA,268,1,1,TRUE,"ok",-62.9122933177896,-3.76472217251928,-0.032341629578337,-66.7093571198873,0.00699999999999967
"3","validation",NA,269,1,1,TRUE,"ok",-67.6966803105176,-4.25776686947737,-0.0201492919750206,-71.97459647197,0.00799999999999912
"3","validation",NA,270,1,1,TRUE,"ok",-60.1776424538784,-4.00255788421805,-0.0263497397394005,-64.2065500778359,0.00700000000000145
"3","validation",NA,271,1,1,TRUE,"ok",-59.1512119015402,-8.7052068810171,-0.0114127691129572,-67.8678315516703,0.00699999999999967
"3","validation",NA,272,1,1,TRUE,"ok",-59.7697283566435,-6.5411454513114,-0.0125643726647163,-66.3234381806196,0.00699999999999967
"3","validation",NA,273,1,1,TRUE,"ok",-65.7421705051626,-3.85875323547628,-0.0232621959431712,-69.6241859365821,0.00599999999999845
"3","validation",NA,274,1,1,TRUE,"ok",-61.4072164603363,-6.47853408262998,-0.0349210775515528,-67.9206716205178,0.00799999999999912
"3","validation",NA,275,1,1,TRUE,"ok",-61.5700175682535,-4.38273080314849,-0.0135063847716206,-65.9662547561736,0.00599999999999845
"3","validation",NA,276,1,1,TRUE,"ok",-60.268001894502,-4.00882643017314,-0.0256459115130581,-64.3024742361882,0.00699999999999967
"3","validation",NA,277,1,1,TRUE,"ok",-61.5381914363438,-3.15860577510266,-0.0182452472806413,-64.7150424587271,0.00699999999999967
"3","validation",NA,278,1,1,TRUE,"ok",-61.0869053183912,-3.25866052698894,-0.0188198219235967,-64.3643856673038,0.00600000000000023
"3","validation",NA,279,1,1,TRUE,"ok",-59.2883363949297,-7.58605924066413,-0.0110136805175867,-66.8854093161114,0.00799999999999912
"3","validation",NA,280,1,1,TRUE,"ok",-61.2927942872845,-5.31063807446328,-0.0167321884123167,-66.6201645501601,0.00600000000000023
"3","validation",NA,281,1,1,TRUE,"ok",-61.055573033007,-3.38269913299079,-0.0263070301634123,-64.4645791961612,0.00699999999999967
"3","validation",NA,282,1,1,TRUE,"ok",-57.8042670247771,-7.11259949369609,-0.0137101256101812,-64.9305766440834,0.0080000000000009
"3","validation",NA,283,1,1,TRUE,"ok",-58.6317918184176,-4.34612059882945,-0.0135056296039316,-62.991418046851,0.00699999999999967
"3","validation",NA,284,1,1,TRUE,"ok",-62.1029524490769,-5.50285926265645,-0.0754454140028411,-67.6812571257362,0.0080000000000009
"3","validation",NA,285,1,1,TRUE,"ok",-60.2591154887374,-3.70474978922926,-0.0264035948139588,-63.9902688727806,0.00600000000000023
"3","validation",NA,286,1,1,TRUE,"ok",-61.8590352889756,-3.85094566137979,-0.0167577609654582,-65.7267387113209,0.00600000000000023
"3","validation",NA,287,1,1,TRUE,"ok",-65.8896700357201,-7.66026357550172,-0.0284496805050886,-73.578383291727,0.00699999999999967
"3","validation",NA,288,1,1,TRUE,"ok",-61.4837455024997,-6.02740086241602,-0.0243004818257443,-67.5354468467414,0.00600000000000023
"3","validation",NA,289,1,1,TRUE,"ok",-63.1103319854673,-5.30051903450372,-0.0133652781354434,-68.4242162981065,0.00600000000000023
"3","validation",NA,290,1,1,TRUE,"ok",-62.1494437695755,-3.1059761873285,-0.0263697643242417,-65.2817897212282,0.0080000000000009
"3","validation",NA,291,1,1,TRUE,"ok",-63.7402058027434,-3.68513226131207,-0.0331482730326887,-67.4584863370882,0.00699999999999967
"3","validation",NA,292,1,1,TRUE,"ok",-63.5287069915134,-3.70863244977753,-0.0610267107915815,-67.2983661520826,0.00699999999999967
"3","validation",NA,293,1,1,TRUE,"ok",-62.3093097827878,-2.56304369405529,-0.0198083456172337,-64.8921618224603,0.00600000000000023
"3","validation",NA,294,1,1,TRUE,"ok",-60.6689134323526,-2.18965334030179,-0.0169594467023908,-62.8755262193567,0.00799999999999912
"3","validation",NA,295,1,1,TRUE,"ok",-58.3982608661106,-7.0084774999231,-0.0161728354880595,-65.4229112015217,0.00699999999999967
"3","validation",NA,296,1,1,TRUE,"ok",-59.4307875843113,-4.82525348547951,-0.0299871457686937,-64.2860282155595,0.0080000000000009
"3","validation",NA,297,1,1,TRUE,"ok",-59.6871672803258,-5.54552588352028,-0.0138529059131308,-65.2465460697592,0.00699999999999967
"3","validation",NA,298,1,1,TRUE,"ok",-62.1188496665825,-8.28469012329326,-0.0263555833508227,-70.4298953732266,0.00700000000000145
"3","validation",NA,299,1,1,TRUE,"ok",-60.1841802720002,-4.70482946413894,-0.0258670729481083,-64.9148768090872,0.00699999999999967
"3","validation",NA,300,1,1,TRUE,"ok",-63.1735344770079,-2.74835248887862,-0.0253431072260823,-65.9472300731126,0.0080000000000009
"3","validation",NA,301,1,1,TRUE,"ok",-63.0436642846879,-5.56215255838833,-0.010214433508644,-68.6160312765848,0.0080000000000009
"3","validation",NA,302,1,1,TRUE,"ok",-61.0801158964318,-4.03723233031776,-0.0253843862341512,-65.1427326129837,0.0080000000000009
"3","validation",NA,303,1,1,TRUE,"ok",-61.0958218868658,-3.52673818205252,-0.0297675814860137,-64.6523276504043,0.00799999999999912
"3","validation",NA,304,1,1,TRUE,"ok",-57.3117181288149,-8.95470146944016,-0.0159632191302985,-66.2823828173854,0.00699999999999967
"3","validation",NA,305,1,1,TRUE,"ok",-59.7123899310864,-9.1640051660899,-0.0152526518393991,-68.8916477490158,0.00900000000000034
"3","validation",NA,306,1,1,TRUE,"ok",-61.8302789072229,-6.60330643987289,-0.0292459758150483,-68.4628313229109,0.00699999999999967
"3","validation",NA,307,1,1,TRUE,"ok",-61.6720623593823,-4.58437672090017,-0.0298662323237548,-66.2863053126062,0.00799999999999912
"3","validation",NA,308,1,1,TRUE,"ok",-62.5777206667975,-6.92595972213684,-0.0225272687398787,-69.5262076576742,0.00699999999999967
"3","validation",NA,309,1,1,TRUE,"ok",-61.8547821533635,-4.2562805193484,-0.0243747801764345,-66.1354374528884,0.0080000000000009
"3","validation",NA,310,1,1,TRUE,"ok",-60.874585808715,-4.3540023988261,-0.0198197736446739,-65.2484079811858,0.00799999999999912
"3","validation",NA,311,1,1,TRUE,"ok",-58.4883418643755,-6.96235179463648,-0.0207625041124889,-65.4714561631244,0.00699999999999967
"3","validation",NA,312,1,1,TRUE,"ok",-61.0590374154164,-2.69312400131198,-0.0160782412713352,-63.7682396579998,0.0080000000000009
"3","validation",NA,313,1,1,TRUE,"ok",-58.7467180353456,-4.73921216261871,-0.0163518242269259,-63.5022820221912,0.00799999999999912
"3","validation",NA,314,1,1,TRUE,"ok",-62.344514377448,-4.65881756494246,-0.0280526780228788,-67.0313846204133,0.00600000000000023
"3","validation",NA,315,1,1,TRUE,"ok",-59.4465266745008,-6.18760030431766,-0.0212759419707051,-65.6554029207891,0.00699999999999967
"3","validation",NA,316,1,1,TRUE,"ok",-60.9660835403831,-3.65973144296835,-0.0306594825632262,-64.6564744659147,0.0080000000000009
"3","validation",NA,317,1,1,TRUE,"ok",-60.6716306688311,-5.39814988194051,-0.0100898194490984,-66.0798703702207,0.00600000000000023
"3","validation",NA,318,1,1,TRUE,"ok",-59.3412224641394,-6.61189594467433,-0.0254954498904414,-65.9786138587042,0.00700000000000145
"3","validation",NA,319,1,1,TRUE,"ok",-60.432645474138,-3.75456874135256,-0.0381066600316363,-64.2253208755222,0.00699999999999967
"3","validation",NA,320,1,1,TRUE,"ok",-61.2543940854248,-2.77323038203893,-0.0271974780459815,-64.0548219455097,0.00699999999999967
"3","validation",NA,321,1,1,TRUE,"ok",-61.0663440840855,-2.72020238596867,-0.0284204381639181,-63.8149669082181,0.00799999999999912
"3","validation",NA,322,1,1,TRUE,"ok",-59.5433817980396,-3.64607265140846,-0.0250134280082687,-63.2144678774563,0.00700000000000145
"3","validation",NA,323,1,1,TRUE,"ok",-59.2295348230267,-3.99177665110305,-0.0217340253589309,-63.2430454994887,0.00699999999999967
"3","validation",NA,324,1,1,TRUE,"ok",-59.2106835494982,-5.73661901323228,-0.0157966321518327,-64.9630991948823,0.00699999999999967
"3","validation",NA,325,1,1,TRUE,"ok",-59.8704002154439,-4.7236121035031,-0.0183300433293298,-64.6123423622764,0.00699999999999967
"3","validation",NA,326,1,1,TRUE,"ok",-60.3240995797817,-5.99567704843575,-0.0239663129269279,-66.3437429411444,0.00900000000000034
"3","validation",NA,327,1,1,TRUE,"ok",-63.2991127551123,-5.520988043209,-0.0475745673588882,-68.8676753656802,0.00600000000000023
"3","validation",NA,328,1,1,TRUE,"ok",-58.568457783994,-6.48093943730477,-0.0165881414692648,-65.065985362768,0.00699999999999967
"3","validation",NA,329,1,1,TRUE,"ok",-60.0615463871635,-7.60672830274396,-0.0137780193333522,-67.6820527092409,0.00699999999999967
"3","validation",NA,330,1,1,TRUE,"ok",-58.1324173659731,-6.57024316485202,-0.0201027170556688,-64.7227632478808,0.00699999999999967
"3","validation",NA,331,1,1,TRUE,"ok",-59.7660004164906,-7.50280335773983,-0.0261701848771525,-67.2949739591076,0.00699999999999967
"3","validation",NA,332,1,1,TRUE,"ok",-60.1206462862363,-3.86956019567777,-0.0154618005582914,-64.0056682824723,0.00699999999999967
"3","validation",NA,333,1,1,TRUE,"ok",-61.8462829316871,-3.22282037005896,-0.0362293214546341,-65.1053326232007,0.00699999999999967
"3","validation",NA,334,1,1,TRUE,"ok",-59.5182541112147,-3.72195535835554,-0.0235007748656876,-63.2637102444359,0.00699999999999967
"3","validation",NA,335,1,1,TRUE,"ok",-59.4665516921185,-4.9378000476359,-0.0164621466198564,-64.4208138863742,0.00600000000000023
"3","validation",NA,336,1,1,TRUE,"ok",-59.4085221792714,-5.5658881071418,-0.0205226523264022,-64.9949329387396,0.00700000000000145
"3","validation",NA,337,1,1,TRUE,"ok",-61.6323221880303,-3.43263296217244,-0.016349931040737,-65.0813050812435,0.00900000000000034
"3","validation",NA,338,1,1,TRUE,"ok",-63.4105837446127,-3.09582767250199,-0.0535402961958132,-66.5599517133105,0.00699999999999967
"3","validation",NA,339,1,1,TRUE,"ok",-59.6942104968858,-8.68549946042148,-0.014371216684757,-68.3940811739921,0.00699999999999967
"3","validation",NA,340,1,1,TRUE,"ok",-60.8716207526627,-2.73144255512291,-0.0223031516326149,-63.6253664594183,0.0080000000000009
"3","validation",NA,341,1,1,TRUE,"ok",-60.4901034269354,-4.35588196757935,-0.0332048339969779,-64.8791902285117,0.00799999999999912
"3","validation",NA,342,1,1,TRUE,"ok",-62.5853327850644,-5.53941808680938,-0.0479779011809834,-68.1727287730547,0.0080000000000009
"3","validation",NA,343,1,1,TRUE,"ok",-60.228710115592,-5.74864711902981,-0.0277429036202878,-66.0051001382421,0.0080000000000009
"3","validation",NA,344,1,1,TRUE,"ok",-62.9624202412534,-5.42951203229867,-0.00627549646996494,-68.3982077700221,0.00799999999999912
"3","validation",NA,345,1,1,TRUE,"ok",-60.3760633107336,-5.98522509529613,-0.0289183816055235,-66.3902067876353,0.0080000000000009
"3","validation",NA,346,1,1,TRUE,"ok",-62.8239344564743,-5.36074674020638,-0.0466880710846361,-68.2313692677653,0.0080000000000009
"3","validation",NA,347,1,1,TRUE,"ok",-61.1032455750342,-4.29356515585747,-0.0328483996203102,-65.4296591305119,0.0080000000000009
"3","validation",NA,348,1,1,TRUE,"ok",-63.4652322875684,-5.79736328455141,-0.0366463164978631,-69.2992418886177,0.00600000000000023
"3","validation",NA,349,1,1,TRUE,"ok",-61.4267627626603,-3.70971348786389,-0.0404189215297949,-65.176895172054,0.00600000000000023
"3","validation",NA,350,1,1,TRUE,"ok",-58.0943050689904,-12.9356077501456,-0.039267468845045,-71.069180287981,0.00699999999999967
"3","validation",NA,351,1,1,TRUE,"ok",-61.4802257028296,-3.59180010647258,-0.0270011435554228,-65.0990269528576,0.00600000000000023
"3","validation",NA,352,1,1,TRUE,"ok",-57.7113621052044,-5.5117895457605,-0.0159244240647127,-63.2390760750296,0.00699999999999967
"3","validation",NA,353,1,1,TRUE,"ok",-60.015603525895,-4.94012338908541,-0.0261982590659734,-64.9819251740464,0.00900000000000034
"3","validation",NA,354,1,1,TRUE,"ok",-58.4787150056351,-5.61215721533424,-0.0144295770067397,-64.1053017979761,0.00699999999999967
"3","validation",NA,355,1,1,TRUE,"ok",-60.8592787725688,-3.90543791830376,-0.0224963289105408,-64.7872130197831,0.00699999999999967
"3","validation",NA,356,1,1,TRUE,"ok",-59.4158522834823,-8.94591236226398,-0.0271893291283314,-68.3889539748746,0.00699999999999967
"3","validation",NA,357,1,1,TRUE,"ok",-63.3997936957862,-3.25970424852438,-0.0334735370185668,-66.6929714813291,0.00700000000000145
"3","validation",NA,358,1,1,TRUE,"ok",-58.1194270994489,-8.32221206905447,-0.0132927049127361,-66.4549318734161,0.00799999999999912
"3","validation",NA,359,1,1,TRUE,"ok",-59.6144544548375,-2.89030645475956,-0.0304266652685348,-62.5351875748656,0.00700000000000145
"3","validation",NA,360,1,1,TRUE,"ok",-61.3645967996669,-3.66758131268781,-0.0280820043812804,-65.060260116736,0.00699999999999967
"3","validation",NA,361,1,1,TRUE,"ok",-62.5834707505579,-3.46164724938438,-0.0148736072676666,-66.05999160721,0.00699999999999967
"3","validation",NA,362,1,1,TRUE,"ok",-58.4026295334561,-7.42636531947988,-0.0203960874071867,-65.8493909403432,0.00699999999999967
"3","validation",NA,363,1,1,TRUE,"ok",-60.8733504333224,-3.83106447575484,-0.00880936214631455,-64.7132242712236,0.00699999999999967
"3","validation",NA,364,1,1,TRUE,"ok",-62.9103204574542,-2.48452278969118,-0.050518944379739,-65.4453621915251,0.00699999999999967
"3","validation",NA,365,1,1,TRUE,"ok",-64.7613355054653,-4.4411795033773,-0.0126382158853875,-69.215153224728,0.00600000000000023
"3","validation",NA,366,1,1,TRUE,"ok",-63.8439354358471,-2.54647107575304,-0.0508199540794743,-66.4412264656796,0.00699999999999967
"3","validation",NA,367,1,1,TRUE,"ok",-58.2639923913974,-10.0305838327486,-0.0255906763274102,-68.3201669004734,0.00600000000000023
"3","validation",NA,368,1,1,TRUE,"ok",-60.4836134180211,-6.97028293378282,-0.00858783050943952,-67.4624841823134,0.00799999999999912
"3","validation",NA,369,1,1,TRUE,"ok",-62.497717405391,-2.44629287032519,-0.0251622469436009,-64.9691725226597,0.00699999999999967
"3","validation",NA,370,1,1,TRUE,"ok",-62.2282347710322,-2.1390510340295,-0.0344730018030989,-64.4017588068648,0.00600000000000023
"3","validation",NA,371,1,1,TRUE,"ok",-59.2458657037504,-5.66850905032141,-0.0262520097015966,-64.9406267637734,0.00700000000000145
"3","validation",NA,372,1,1,TRUE,"ok",-59.3715546341708,-6.00083669387756,-0.0173980089015506,-65.3897893369499,0.00699999999999967
"3","validation",NA,373,1,1,TRUE,"ok",-63.3064137275303,-3.89699915133742,-0.0292358429648043,-67.2326487218326,0.00700000000000145
"3","validation",NA,374,1,1,TRUE,"ok",-58.5931485619334,-5.60279075600601,-0.0198093981201579,-64.2157487160596,0.00699999999999967
"3","validation",NA,375,1,1,TRUE,"ok",-63.1337881394553,-3.95123815933262,-0.0455371765394601,-67.1305634753274,0.00600000000000023
"3","validation",NA,376,1,1,TRUE,"ok",-60.3577393479664,-3.15205237871919,-0.0205650668306118,-63.5303567935162,0.00699999999999967
"3","validation",NA,377,1,1,TRUE,"ok",-61.527231194372,-4.30057741925422,-0.0257528629289556,-65.8535614765552,0.00600000000000023
"3","validation",NA,378,1,1,TRUE,"ok",-60.9454621173402,-4.13693068887528,-0.0180487079789034,-65.1004415141943,0.00699999999999967
"3","validation",NA,379,1,1,TRUE,"ok",-59.4259677803162,-3.98225701544018,-0.0237461938881737,-63.4319709896446,0.00799999999999912
"3","validation",NA,380,1,1,TRUE,"ok",-57.7688934770436,-8.31737957782444,-0.0159499949693019,-66.1022230498373,0.00699999999999967
"3","validation",NA,381,1,1,TRUE,"ok",-58.7888798126417,-5.9770317951921,-0.0154217415585781,-64.7813333493924,0.00699999999999967
"3","validation",NA,382,1,1,TRUE,"ok",-60.7137484361099,-5.57416241878663,-0.0107590398282583,-66.2986698947248,0.00599999999999845
"3","validation",NA,383,1,1,TRUE,"ok",-62.6990427026104,-6.0214329858366,-0.0171771031726348,-68.7376527916197,0.00699999999999967
"3","validation",NA,384,1,1,TRUE,"ok",-62.6385798528065,-5.11445347177412,-0.0247334445684798,-67.7777667691491,0.0080000000000009
"3","validation",NA,385,1,1,TRUE,"ok",-60.1091630179248,-4.24642004610525,-0.0208565597622225,-64.3764396237923,0.00699999999999967
"3","validation",NA,386,1,1,TRUE,"ok",-60.6292812595454,-2.61909273661595,-0.0243226820787388,-63.2726966782401,0.00699999999999967
"3","validation",NA,387,1,1,TRUE,"ok",-59.8899289473671,-4.66829747052209,-0.0204563369349197,-64.5786827548241,0.00699999999999967
"3","validation",NA,388,1,1,TRUE,"ok",-59.1593442413934,-7.05578418700541,-0.0130794695790139,-66.2282078979778,0.00699999999999967
"3","validation",NA,389,1,1,TRUE,"ok",-62.3268872892621,-4.14774593785295,-0.0256427262226091,-66.5002759533376,0.0080000000000009
"3","validation",NA,390,1,1,TRUE,"ok",-62.4161813420482,-4.12196422226687,-0.0304741149520998,-66.5686196792671,0.00699999999999967
"3","validation",NA,391,1,1,TRUE,"ok",-60.7536997077381,-6.23891559748898,-0.0184625877106987,-67.0110778929378,0.00699999999999967
"3","validation",NA,392,1,1,TRUE,"ok",-60.8131105025775,-4.19487057966957,-0.0370891217164658,-65.0450702039635,0.00699999999999967
"3","validation",NA,393,1,1,TRUE,"ok",-59.779739236536,-4.50243403692784,-0.0190291901061256,-64.30120246357,0.00700000000000145
"3","validation",NA,394,1,1,TRUE,"ok",-60.6751322671346,-4.42674333889122,-0.0323264626136747,-65.1342020686395,0.00799999999999912
"3","validation",NA,395,1,1,TRUE,"ok",-65.0632253072631,-5.2466335147674,-0.0399709234707452,-70.3498297455012,0.00699999999999967
"3","validation",NA,396,1,1,TRUE,"ok",-57.9322799400157,-10.3887281481406,-0.0228873781478726,-68.3438954663042,0.0080000000000009
"3","validation",NA,397,1,1,TRUE,"ok",-60.1685231062498,-4.42728252057499,-0.012432333777634,-64.6082379606025,0.00699999999999967
"3","validation",NA,398,1,1,TRUE,"ok",-59.9185518881467,-5.50277806608505,-0.0173908204410848,-65.4387207746729,0.00699999999999967
"3","validation",NA,399,1,1,TRUE,"ok",-63.5082149109358,-4.06684058303235,-0.0544093418975913,-67.6294648358658,0.00900000000000034
"3","validation",NA,400,1,1,TRUE,"ok",-59.4952433689468,-9.25013278622223,-0.00828023904338077,-68.7536563942124,0.00600000000000023
"3","validation",NA,401,1,1,TRUE,"ok",-62.6978444345936,-2.76067744142344,-0.0255061630735261,-65.4840280390905,0.00699999999999967
"3","validation",NA,402,1,1,TRUE,"ok",-58.9376947523898,-5.10119705395108,-0.0116591398609298,-64.0505509462018,0.00599999999999845
"3","validation",NA,403,1,1,TRUE,"ok",-61.0409982664635,-6.26104113735174,-0.0180614857125475,-67.3201008895278,0.00699999999999967
"3","validation",NA,404,1,1,TRUE,"ok",-61.187787931344,-3.58972117547088,-0.0198823322218669,-64.7973914390368,0.00699999999999967
"3","validation",NA,405,1,1,TRUE,"ok",-59.3429405416877,-4.53989965705189,-0.0129827835347085,-63.8958229822743,0.00900000000000034
"3","validation",NA,406,1,1,TRUE,"ok",-59.5605173735999,-4.73928004337292,-0.0299334957842211,-64.3297309127571,0.00799999999999912
"3","validation",NA,407,1,1,TRUE,"ok",-62.9712962967753,-2.644509282498,-0.0326816973367506,-65.6484872766101,0.00799999999999912
"3","validation",NA,408,1,1,TRUE,"ok",-59.1878928884643,-4.73574457219656,-0.0122092869024713,-63.9358467475634,0.00699999999999967
"3","validation",NA,409,1,1,TRUE,"ok",-61.578621812644,-7.37021753421114,-0.0297294588037971,-68.9785688056589,0.00699999999999967
"3","validation",NA,410,1,1,TRUE,"ok",-62.6647496951712,-4.61907378877208,-0.0276952599053744,-67.3115187438486,0.00999999999999979
"3","validation",NA,411,1,1,TRUE,"ok",-60.5527378605447,-4.99902977158411,-0.0187805131877105,-65.5705481453165,0.00699999999999967
"3","validation",NA,412,1,1,TRUE,"ok",-62.1712161676465,-3.5775384977226,-0.0168248030447768,-65.7655794684139,0.00699999999999967
"3","validation",NA,413,1,1,TRUE,"ok",-61.3487544374614,-3.86761674915188,-0.0256954949612527,-65.2420666815745,0.00699999999999967
"3","validation",NA,414,1,1,TRUE,"ok",-61.8342693341708,-6.83042851958483,-0.0162458973298498,-68.6809437510855,0.00699999999999967
"3","validation",NA,415,1,1,TRUE,"ok",-60.3827232401358,-5.10571633204748,-0.0111926748552986,-65.4996322470386,0.00900000000000034
"3","validation",NA,416,1,1,TRUE,"ok",-60.2081152232125,-6.39229044016583,-0.0207811498633955,-66.6211868132417,0.00700000000000145
"3","validation",NA,417,1,1,TRUE,"ok",-60.0018899712146,-3.07912546786125,-0.0217534782125735,-63.1027689172884,0.00699999999999967
"3","validation",NA,418,1,1,TRUE,"ok",-59.9130221416973,-3.80398198198443,-0.025013778155609,-63.7420179018374,0.0080000000000009
"3","validation",NA,419,1,1,TRUE,"ok",-61.8841953009576,-6.96865742865636,-0.034232298286443,-68.8870850279004,0.00699999999999967
"3","validation",NA,420,1,1,TRUE,"ok",-57.9936984829291,-8.25333717352247,-0.0132863131514936,-66.2603219696031,0.00799999999999912
"3","validation",NA,421,1,1,TRUE,"ok",-57.921228662633,-7.58664085085295,-0.0209556572102056,-65.5288251706961,0.00600000000000023
"3","validation",NA,422,1,1,TRUE,"ok",-58.7781657700007,-6.80263048284529,-0.0196927778999587,-65.600489030746,0.00699999999999967
"3","validation",NA,423,1,1,TRUE,"ok",-61.1417062132022,-2.76769700047317,-0.0277070732582115,-63.9371102869336,0.00600000000000023
"3","validation",NA,424,1,1,TRUE,"ok",-63.6947405983795,-9.45412119596488,-0.013793014609992,-73.1626548089544,0.00699999999999967
"3","validation",NA,425,1,1,TRUE,"ok",-59.0678276840486,-4.48817651066778,-0.0126526503254676,-63.5686568450419,0.00700000000000145
"3","validation",NA,426,1,1,TRUE,"ok",-62.7530695873671,-3.46811832101954,-0.0305091578894593,-66.2516970662761,0.00799999999999912
"3","validation",NA,427,1,1,TRUE,"ok",-59.2135099437143,-6.77552089210185,-0.0136961576482387,-66.0027269934644,0.00600000000000023
"3","validation",NA,428,1,1,TRUE,"ok",-64.6291435954723,-2.0203634331823,-0.0349475928729915,-66.6844546215276,0.00699999999999967
"3","validation",NA,429,1,1,TRUE,"ok",-64.2574349725757,-6.0992216464367,-0.00793590940188734,-70.3645925284143,0.00600000000000023
"3","validation",NA,430,1,1,TRUE,"ok",-60.6635789541008,-5.44137894914312,-0.0272004072430077,-66.132158310487,0.00699999999999967
"3","validation",NA,431,1,1,TRUE,"ok",-61.9608702691391,-4.55737549076222,-0.0157160096134086,-66.5339617695148,0.0080000000000009
"3","validation",NA,432,1,1,TRUE,"ok",-61.5643075752964,-4.45089817665994,-0.019159585600687,-66.0343653375571,0.00799999999999912
"3","validation",NA,433,1,1,TRUE,"ok",-64.1050176609507,-3.32590134464787,-0.0286291184947827,-67.4595481240933,0.00699999999999967
"3","validation",NA,434,1,1,TRUE,"ok",-58.0860843727247,-5.85054270515343,-0.0191093511475398,-63.9557364290256,0.00699999999999967
"3","validation",NA,435,1,1,TRUE,"ok",-65.726488144836,-2.85072240644583,-0.077027720013645,-68.6542382712955,0.00699999999999967
"3","validation",NA,436,1,1,TRUE,"ok",-64.0004935428589,-2.67914922582214,-0.0416394051261397,-66.7212821738072,0.00900000000000034
"3","validation",NA,437,1,1,TRUE,"ok",-59.4074810054164,-4.86027635333814,-0.0169202460292297,-64.2846776047837,0.0080000000000009
"3","validation",NA,438,1,1,TRUE,"ok",-60.0800402770617,-7.95513289770548,-0.00762175362282123,-68.04279492839,0.00799999999999912
"3","validation",NA,439,1,1,TRUE,"ok",-60.6092372361034,-6.50640872086258,-0.0124782993842623,-67.1281242563502,0.00699999999999967
"3","validation",NA,440,1,1,TRUE,"ok",-62.0653587720568,-2.83857437188863,-0.0329758519235366,-64.9369089958689,0.0080000000000009
"3","validation",NA,441,1,1,TRUE,"ok",-62.9900810585219,-8.34100412936322,-0.0115036875788911,-71.342588875464,0.00900000000000034
"3","validation",NA,442,1,1,TRUE,"ok",-61.3138876994158,-4.59028831998599,-0.0205326255628784,-65.9247086449647,0.0080000000000009
"3","validation",NA,443,1,1,TRUE,"ok",-57.335384716721,-9.05791299234007,-0.0285654011189597,-66.42186311018,0.00799999999999912
"3","validation",NA,444,1,1,TRUE,"ok",-63.0308674037956,-3.72645737440492,-0.0331528397236774,-66.7904776179242,0.00700000000000145
"3","validation",NA,445,1,1,TRUE,"ok",-60.8981071756768,-5.54250410921135,-0.0310876748006792,-66.4716989596888,0.00799999999999912
"3","validation",NA,446,1,1,TRUE,"ok",-61.3683091940731,-3.322219859371,-0.0201478160560191,-64.7106768695001,0.00699999999999967
"3","validation",NA,447,1,1,TRUE,"ok",-60.194857965475,-5.21801556438008,-0.0160759696531243,-65.4289494995082,0.00900000000000034
"3","validation",NA,448,1,1,TRUE,"ok",-59.9374110227865,-10.6621277993428,-0.0105558865886987,-70.610094708718,0.00700000000000145
"3","validation",NA,449,1,1,TRUE,"ok",-62.4781225621267,-4.16885483757295,-0.0518256197224652,-66.6988030194221,0.00699999999999967
"3","validation",NA,450,1,1,TRUE,"ok",-60.5353091590766,-5.0051094886749,-0.0248217290992229,-65.5652403768507,0.0080000000000009
"3","validation",NA,451,1,1,TRUE,"ok",-62.7662796658733,-5.53250190426204,-0.0180752608209683,-68.3168568309564,0.0080000000000009
"3","validation",NA,452,1,1,TRUE,"ok",-61.1287523917042,-4.59166123666447,-0.028768641252141,-65.7491822696208,0.00900000000000034
"3","validation",NA,453,1,1,TRUE,"ok",-59.101239537863,-3.84908348797619,-0.0181190882511533,-62.9684421140903,0.00699999999999967
"3","validation",NA,454,1,1,TRUE,"ok",-59.0095964415089,-6.74589959254721,-0.0122989628121495,-65.7677949968683,0.0080000000000009
"3","validation",NA,455,1,1,TRUE,"ok",-61.5241516270909,-5.86552778673189,-0.0155438291320688,-67.4052232429548,0.00699999999999967
"3","validation",NA,456,1,1,TRUE,"ok",-62.0757382261381,-4.64626634772256,-0.0300006925473212,-66.752005266408,0.00699999999999967
"3","validation",NA,457,1,1,TRUE,"ok",-61.9983060057491,-3.37355018616518,-0.0322890590864659,-65.4041452510008,0.00900000000000034
"3","validation",NA,458,1,1,TRUE,"ok",-62.6456502736134,-4.46563005532336,-0.018441540582067,-67.1297218695188,0.00600000000000023
"3","validation",NA,459,1,1,TRUE,"ok",-60.9567900607773,-2.65558132510357,-0.030086139065238,-63.6424575249461,0.00700000000000145
"3","validation",NA,460,1,1,TRUE,"ok",-62.1928992116477,-4.47956521106336,-0.0372287673956723,-66.7096931901067,0.00699999999999967
"3","validation",NA,461,1,1,TRUE,"ok",-60.4518636052409,-5.41955243999661,-0.0186480677721087,-65.8900641130096,0.00700000000000145
"3","validation",NA,462,1,1,TRUE,"ok",-58.9021838506746,-7.19478174328833,-0.0163362856934608,-66.1133018796564,0.00899999999999856
"3","validation",NA,463,1,1,TRUE,"ok",-59.6685591290933,-4.02587388853442,-0.0210920620512635,-63.715525079679,0.00700000000000145
"3","validation",NA,464,1,1,TRUE,"ok",-61.0581932258916,-5.70294245036,-0.0151451393829403,-66.7762808156345,0.00699999999999967
"3","validation",NA,465,1,1,TRUE,"ok",-61.4146720729553,-2.20215910331623,-0.0237985359651713,-63.6406297122367,0.00600000000000023
"3","validation",NA,466,1,1,TRUE,"ok",-60.8352245590215,-9.40082954638987,-0.0114117662171555,-70.2474658716286,0.00699999999999967
"3","validation",NA,467,1,1,TRUE,"ok",-57.9540517367468,-7.31615363225372,-0.0187204687604025,-65.2889258377609,0.0080000000000009
"3","validation",NA,468,1,1,TRUE,"ok",-60.6977310673413,-3.11271316451721,-0.0189020281211429,-63.8293462599796,0.00600000000000023
"3","validation",NA,469,1,1,TRUE,"ok",-62.9574145171098,-2.69777543519827,-0.0231412894404535,-65.6783312417485,0.00699999999999967
"3","validation",NA,470,1,1,TRUE,"ok",-60.1709011734162,-6.78480497885755,-0.0387278800582224,-66.994434032332,0.00599999999999845
"3","validation",NA,471,1,1,TRUE,"ok",-61.6692114707621,-4.11667169575296,-0.0339767942464544,-65.8198599607615,0.00699999999999967
"3","validation",NA,472,1,1,TRUE,"ok",-59.1958204014702,-6.05286504199705,-0.0424220667443399,-65.2911075102116,0.00699999999999967
"3","validation",NA,473,1,1,TRUE,"ok",-64.570693026123,-5.21270172469893,-0.0446544921569554,-69.8280492429789,0.0080000000000009
"3","validation",NA,474,1,1,TRUE,"ok",-59.0694277505918,-10.3029688463593,-0.00988621781438072,-69.3822828147655,0.00600000000000023
"3","validation",NA,475,1,1,TRUE,"ok",-59.7923731145677,-7.2749809726087,-0.0245978124938695,-67.0919518996703,0.00700000000000145
"3","validation",NA,476,1,1,TRUE,"ok",-60.0774409447346,-3.27352878270944,-0.02344328421078,-63.3744130116548,0.00699999999999967
"3","validation",NA,477,1,1,TRUE,"ok",-58.7963308510176,-7.8096145080471,-0.0153397470209536,-66.6212851060857,0.00699999999999967
"3","validation",NA,478,1,1,TRUE,"ok",-61.2559726994074,-3.53196503363967,-0.0293269913577712,-64.8172647244048,0.00799999999999912
"3","validation",NA,479,1,1,TRUE,"ok",-60.6275382910642,-2.51289707546854,-0.0236007347282936,-63.164036101261,0.00700000000000145
"3","validation",NA,480,1,1,TRUE,"ok",-59.7575073958914,-5.73844415412253,-0.0124336627863419,-65.5083852128002,0.00799999999999912
"3","validation",NA,481,1,1,TRUE,"ok",-63.077943773747,-3.49989050283354,-0.0103549818863779,-66.588189258467,0.00699999999999967
"3","validation",NA,482,1,1,TRUE,"ok",-59.2100818874061,-8.75261980652969,-0.0350371249907485,-67.9977388189265,0.00699999999999967
"3","validation",NA,483,1,1,TRUE,"ok",-59.4528714693273,-3.03156604625466,-0.0238341543389767,-62.508271669921,0.00900000000000034
"3","validation",NA,484,1,1,TRUE,"ok",-63.8410744679271,-4.0426896305826,-0.0304861504821891,-67.9142502489919,0.00799999999999912
"3","validation",NA,485,1,1,TRUE,"ok",-61.2896751014083,-4.76623489252279,-0.0464256114385106,-66.1023356053696,0.0080000000000009
"3","validation",NA,486,1,1,TRUE,"ok",-59.7578311930844,-5.4114726025881,-0.0196746508256808,-65.1889784464982,0.0080000000000009
"3","validation",NA,487,1,1,TRUE,"ok",-59.5530207376341,-6.66975557174606,-0.00901699290426242,-66.2317933022844,0.00699999999999967
"3","validation",NA,488,1,1,TRUE,"ok",-61.2753346729785,-5.77880689148069,-0.0146050828296591,-67.0687466472889,0.0100000000000016
"3","validation",NA,489,1,1,TRUE,"ok",-59.4174015551507,-5.60492523432315,-0.0328418554442638,-65.0551686449181,0.00699999999999967
"3","validation",NA,490,1,1,TRUE,"ok",-61.2047308458483,-6.47814741391799,-0.0457766423031431,-67.7286549020694,0.00900000000000034
"3","validation",NA,491,1,1,TRUE,"ok",-61.2296276260974,-4.85244586826428,-0.014061189528549,-66.0961346838903,0.00699999999999967
"3","validation",NA,492,1,1,TRUE,"ok",-62.0973801386792,-5.28726852321271,-0.0344482652689184,-67.4190969271608,0.00699999999999967
"3","validation",NA,493,1,1,TRUE,"ok",-60.0446693039827,-4.93455451475186,-0.017160718222289,-64.9963845369568,0.0080000000000009
"3","validation",NA,494,1,1,TRUE,"ok",-61.780303320766,-5.26067946369215,-0.0112179534573353,-67.0522007379154,0.00699999999999967
"3","validation",NA,495,1,1,TRUE,"ok",-60.2094068585586,-4.77795851677855,-0.0264606132086611,-65.0138259885458,0.00699999999999967
"3","validation",NA,496,1,1,TRUE,"ok",-60.1797733835003,-4.99925774321181,-0.0352141242810565,-65.2142452509932,0.00699999999999967
"3","validation",NA,497,1,1,TRUE,"ok",-65.7397167636375,-6.46594579140782,-0.0282462958762482,-72.2339088509216,0.00699999999999967
"3","validation",NA,498,1,1,TRUE,"ok",-59.7849910440666,-2.88663181785989,-0.0230050591837368,-62.6946279211102,0.00799999999999912
"3","validation",NA,499,1,1,TRUE,"ok",-60.2071436516684,-5.46969219080947,-0.0357837955574412,-65.7126196380353,0.00700000000000145
"3","validation",NA,500,1,1,TRUE,"ok",-63.7605093571049,-5.20437689816079,-0.0876903087514826,-69.0525765640171,0.00699999999999967
"3","validation",NA,501,1,1,TRUE,"ok",-59.7988158470054,-6.82372200901696,-0.0118198960845505,-66.6343577521069,0.00699999999999967
"3","validation",NA,502,1,1,TRUE,"ok",-60.8044172393798,-7.94388157092238,-0.0113270496185869,-68.7596258599208,0.00699999999999967
"3","validation",NA,503,1,1,TRUE,"ok",-61.9752866526897,-3.97179289061156,-0.048403064320416,-65.9954826076216,0.00900000000000034
"3","validation",NA,504,1,1,TRUE,"ok",-61.5381563225098,-2.90721041891805,-0.0453852346817526,-64.4907519761096,0.00600000000000023
"3","validation",NA,505,1,1,TRUE,"ok",-60.6151070844955,-5.92702356864767,-0.0130840061815185,-66.5552146593247,0.00699999999999967
"3","validation",NA,506,1,1,TRUE,"ok",-61.3586184581539,-3.30054134414475,-0.0240649784915832,-64.6832247807903,0.00699999999999967
"3","validation",NA,507,1,1,TRUE,"ok",-62.6954390700744,-4.19713524462771,-0.0301357994670328,-66.9227101141691,0.00699999999999967
"3","validation",NA,508,1,1,TRUE,"ok",-66.7632427523068,-2.3390854131532,-0.027874377368289,-69.1302025428283,0.00900000000000034
"3","validation",NA,509,1,1,TRUE,"ok",-60.5222387046933,-2.92267713359649,-0.0261632042461124,-63.4710790425359,0.00699999999999967
"3","validation",NA,510,1,1,TRUE,"ok",-59.8107047712248,-7.10204770585241,-0.0364326187331963,-66.9491850958104,0.00699999999999967
"3","validation",NA,511,1,1,TRUE,"ok",-59.4778676580459,-7.60991400929838,-0.0159071568524595,-67.1036888241968,0.00600000000000023
"3","validation",NA,512,1,1,TRUE,"ok",-63.8915634018297,-2.48526819364995,-0.0278152953443044,-66.404646890824,0.00699999999999967
"74","probe",0.5,1,1,1,TRUE,"ok",-30.538561487792,-1.90577185913301,-0.0881192122540828,-32.5324525591791,0.00699999999999967
"74","probe",0.5,2,1,1,TRUE,"ok",-31.5168532302083,-4.51041703178812,-0.0227483947769016,-36.0500186567733,0.00699999999999967
"74","probe",0.5,3,1,1,TRUE,"ok",-29.3645018580638,-6.57214092860829,-0.0881192122540828,-36.0247619989261,0.00700000000000145
"74","probe",0.5,4,1,1,TRUE,"ok",-30.6167649986389,-4.81402745962567,-0.0881192122540828,-35.5189116705187,0.00900000000000034
"74","probe",0.5,5,1,1,TRUE,"ok",-30.40670449085,-5.13296076493952,-0.0881192122540828,-35.6277844680437,0.00600000000000023
"74","probe",0.5,6,1,1,TRUE,"ok",-32.4707577864911,-3.65013788344703,-0.0881192122540828,-36.2090148821922,0.00600000000000023
"74","probe",0.5,7,1,1,TRUE,"ok",-33.096045783859,-3.17832081616197,-0.0881192122540828,-36.3624858122751,0.00699999999999967
"74","probe",0.5,8,1,1,TRUE,"ok",-30.5382462709932,-5.296138717854,-0.0881192122540828,-35.9225042011013,0.00699999999999967
"74","probe",0.5,9,1,1,TRUE,"ok",-30.5384116088973,-5.28718209654441,-0.0881192122540828,-35.9137129176958,0.00799999999999912
"74","probe",0.5,10,1,1,TRUE,"ok",-33.1303450145103,-2.82827110279307,-0.313935139680815,-36.2725512569842,0.00699999999999967
"74","probe",0.5,11,1,1,TRUE,"ok",-32.7317131282197,-3.44375528451127,-0.0881192122540828,-36.263587624985,0.00600000000000023
"74","probe",0.5,12,1,1,TRUE,"ok",-32.7070636549128,-3.38819333536538,-0.0881192122540828,-36.1833762025322,0.00600000000000023
"74","probe",0.5,13,1,1,TRUE,"ok",-33.4517822969163,-3.23836881035517,-0.0881192122540828,-36.7782703195255,0.00600000000000023
"74","probe",0.5,14,1,1,TRUE,"ok",-32.0629667962549,-4.13893064560843,-0.0881192122540828,-36.2900166541174,0.00600000000000023
"74","probe",0.5,15,1,1,TRUE,"ok",-35.0746076514038,-1.3970578535582,-0.0881192122540828,-36.5597847172161,0.00799999999999912
"74","probe",0.5,16,1,1,TRUE,"ok",-30.5393241266219,-5.40512115340735,-0.0881192122540828,-36.0325644922834,0.00600000000000023
"74","probe",0.5,17,1,1,TRUE,"ok",-30.5389331717296,-5.45368639019595,-0.0881192122540828,-36.0807387741796,0.00599999999999845
"74","probe",0.5,18,1,1,TRUE,"ok",-30.522170984759,-3.49075120152969,-0.106040963478474,-34.1189631497671,0.00699999999999967
"74","probe",0.5,19,1,1,TRUE,"ok",-30.5367578470168,-3.68145700144226,-0.100859880175794,-34.3190747286349,0.00600000000000023
"74","probe",0.5,20,1,1,TRUE,"ok",-32.0543770918485,-2.96242813069396,-0.0695118409500011,-35.0863170634924,0.00900000000000034
"74","probe",0.5,21,1,1,TRUE,"ok",-31.7799236800426,-3.87013685700835,-0.056005062303627,-35.7060655993545,0.00799999999999912
"74","probe",0.5,22,1,1,TRUE,"ok",-31.0654839210831,-3.6184553962338,-0.0746626830108432,-34.7586020003277,0.00799999999999912
"74","probe",0.5,23,1,1,TRUE,"ok",-32.2459913037955,-3.53053741727687,-0.0736651742576544,-35.85019389533,0.00600000000000023
"74","probe",0.5,24,1,1,TRUE,"ok",-31.2250252119713,-4.14487049884741,-0.125817385531269,-35.49571309635,0.00699999999999967
"74","probe",0.5,25,1,1,TRUE,"ok",-30.3171446211032,-4.61586098555277,-0.0406758023927865,-34.9736814090487,0.00699999999999967
"74","probe",0.5,26,1,1,TRUE,"ok",-30.2773331277229,-3.00722878851478,-0.094668778842989,-33.3792306950807,0.0080000000000009
"74","probe",0.5,27,1,1,TRUE,"ok",-31.4003422012811,-3.8133417601441,-0.0610332635360541,-35.2747172249612,0.00699999999999967
"74","probe",0.5,28,1,1,TRUE,"ok",-30.5907147285244,-4.9765477594037,-0.0875387354792719,-35.6548012234073,0.00699999999999967
"74","probe",0.5,29,1,1,TRUE,"ok",-32.1851651711064,-1.63323076531347,-0.0797816907203658,-33.8981776271402,0.0080000000000009
"74","probe",0.5,30,1,1,TRUE,"ok",-31.8030293606396,-4.09529640693196,-0.106677916897168,-36.0050036844687,0.00799999999999912
"74","probe",0.5,31,1,1,TRUE,"ok",-33.7943687386049,-2.57942303187995,-0.251508739155703,-36.6253005096405,0.0080000000000009
"74","probe",0.5,32,1,1,TRUE,"ok",-32.1078237346669,-2.42923752180237,-0.111443011871245,-34.6485042683405,0.00699999999999967
"74","probe",0.5,33,1,1,TRUE,"ok",-33.0367477924524,-2.55535875961917,-0.155879268848386,-35.74798582092,0.00699999999999967
"74","probe",0.5,34,1,1,TRUE,"ok",-32.0286108907886,-2.5370676066863,-0.0797388284810974,-34.645417325956,0.0080000000000009
"74","probe",0.5,35,1,1,TRUE,"ok",-30.3267607155465,-5.58810460157187,-0.0567896235606898,-35.9716549406791,0.00699999999999967
"74","probe",0.5,36,1,1,TRUE,"ok",-31.9283318402353,-3.19113899295643,-0.0907413942231366,-35.2102122274148,0.00699999999999967
"74","probe",0.5,37,1,1,TRUE,"ok",-29.798649772501,-3.79046862660479,-0.0767197230828809,-33.6658381221886,0.00900000000000034
"74","probe",0.5,38,1,1,TRUE,"ok",-30.524570681056,-3.49857796171502,-0.167861469996968,-34.191010112768,0.00699999999999967
"74","probe",0.5,39,1,1,TRUE,"ok",-31.9081014995025,-2.85351405531516,-0.0735137239068687,-34.8351292787245,0.00700000000000145
"74","probe",0.5,40,1,1,TRUE,"ok",-31.0318587181787,-2.68328655344197,-0.108047363140437,-33.8231926347611,0.00699999999999967
"74","probe",0.5,41,1,1,TRUE,"ok",-32.3085198151124,-2.95354968607016,-0.0843137824421465,-35.3463832836247,0.00700000000000145
"74","probe",0.5,42,1,1,TRUE,"ok",-31.5942181944963,-2.46374144496832,-0.111391357751588,-34.1693509972162,0.00799999999999912
"74","probe",0.5,43,1,1,TRUE,"ok",-30.694828289419,-2.34350578477428,-0.0621495942820054,-33.1004836684753,0.00700000000000145
"74","probe",0.5,44,1,1,TRUE,"ok",-33.0156564912198,-2.92864871013083,-0.0798192464298262,-36.0241244477805,0.00799999999999912
"74","probe",0.5,45,1,1,TRUE,"ok",-30.7442537525661,-3.88017344012336,-0.0772639743223838,-34.7016911670119,0.00699999999999967
"74","probe",0.5,46,1,1,TRUE,"ok",-30.8873339579547,-2.71864911330758,-0.132314850583393,-33.7382979218456,0.00699999999999967
"74","probe",0.5,47,1,1,TRUE,"ok",-33.123745193667,-2.52328796978245,-0.0810092914862609,-35.7280424549357,0.00699999999999967
"74","probe",0.5,48,1,1,TRUE,"ok",-30.9541711400393,-3.96036860592809,-0.0323182600767795,-34.9468580060442,0.00900000000000034
"74","probe",0.5,49,1,1,TRUE,"ok",-29.7442992297571,-5.55637548953731,-0.0664243435060748,-35.3670990628005,0.00699999999999967
"74","probe",0.5,50,1,1,TRUE,"ok",-30.8117259842988,-3.60375805916773,-0.151837756419176,-34.5673217998857,0.00699999999999967
"74","probe",0.5,51,1,1,TRUE,"ok",-32.2534367455451,-3.34538122443093,-0.115238937055237,-35.7140569070312,0.00699999999999967
"74","probe",0.5,52,1,1,TRUE,"ok",-32.6167650323586,-3.65718627768143,-0.10269508133492,-36.3766463913749,0.00699999999999967
"74","probe",0.5,53,1,1,TRUE,"ok",-32.9374094259108,-2.48086801077404,-0.131997227973584,-35.5502746646585,0.00900000000000034
"74","probe",0.5,54,1,1,TRUE,"ok",-32.5925905105112,-2.47124633208837,-0.0474966712986289,-35.1113335138982,0.0080000000000009
"74","probe",0.5,55,1,1,TRUE,"ok",-31.6324196011274,-3.87847061026607,-0.0850507213055393,-35.595940932699,0.00699999999999967
"74","probe",0.5,56,1,1,TRUE,"ok",-31.1532300832674,-3.16254264947946,-0.107141330752487,-34.4229140634993,0.00700000000000145
"74","probe",0.5,57,1,1,TRUE,"ok",-31.0851754130073,-3.47172199361911,-0.036004691378913,-34.5929020980053,0.00699999999999967
"74","probe",0.5,58,1,1,TRUE,"ok",-30.2629486680427,-4.25942871043294,-0.0860368213190988,-34.6084141997947,0.0080000000000009
"74","probe",0.5,59,1,1,TRUE,"ok",-30.8084420310926,-3.63954959714874,-0.0640573506605771,-34.5120489789019,0.0080000000000009
"74","probe",0.5,60,1,1,TRUE,"ok",-30.8589160489394,-3.41709095216102,-0.039144414037674,-34.3151514151381,0.00699999999999967
"74","probe",0.5,61,1,1,TRUE,"ok",-32.1362661180803,-4.0212209262162,-0.0467572988602577,-36.2042443431567,0.0080000000000009
"74","probe",0.5,62,1,1,TRUE,"ok",-32.7432211661451,-2.27170890970269,-0.125904960183669,-35.1408350360315,0.00699999999999967
"74","probe",0.5,63,1,1,TRUE,"ok",-32.196680926825,-3.21438685305624,-0.0598681644613699,-35.4709359443427,0.00700000000000145
"74","probe",0.5,64,1,1,TRUE,"ok",-30.7130106213167,-4.42478220463749,-0.0670849396977442,-35.2048777656519,0.00799999999999912
"74","probe",0.5,65,1,1,TRUE,"ok",-31.3845657625724,-4.16323418628428,-0.0712502671762708,-35.6190502160329,0.00699999999999967
"74","probe",0.5,66,1,1,TRUE,"ok",-30.3886507185876,-3.57339185650765,-0.0855406273768204,-34.0475832024721,0.00699999999999967
"74","probe",0.5,67,1,1,TRUE,"ok",-30.4280390118928,-3.6011867798797,-0.136472578821834,-34.1656983705943,0.00700000000000145
"74","probe",0.5,68,1,1,TRUE,"ok",-31.5678449217621,-3.51481364784573,-0.0936096388023185,-35.1762682084102,0.00699999999999967
"74","probe",0.5,69,1,1,TRUE,"ok",-32.3732086301464,-3.93739186822525,-0.0513088456927077,-36.3619093440643,0.0080000000000009
"74","probe",0.5,70,1,1,TRUE,"ok",-31.2343237198126,-4.34540044230041,-0.113319482389411,-35.6930436445024,0.00600000000000023
"74","probe",0.5,71,1,1,TRUE,"ok",-31.7330553423911,-4.08252012808626,-0.0887699597004273,-35.9043454301778,0.00699999999999967
"74","probe",0.5,72,1,1,TRUE,"ok",-31.3123734126853,-4.96013266667248,-0.0573040256529382,-36.3298101050107,0.00600000000000023
"74","probe",0.5,73,1,1,TRUE,"ok",-31.5996643753087,-4.23963154837229,-0.125654052250973,-35.964949975932,0.00600000000000023
"74","probe",0.5,74,1,1,TRUE,"ok",-32.2265973729858,-3.57287352728017,-0.122214422150518,-35.9216853224165,0.00600000000000023
"74","probe",0.5,75,1,1,TRUE,"ok",-32.9616616711536,-3.19242938989053,-0.0517018290025694,-36.2057928900467,0.00699999999999967
"74","probe",0.5,76,1,1,TRUE,"ok",-33.6865428247085,-2.27880929192019,-0.16190017073968,-36.1272522873683,0.00600000000000023
"74","probe",0.5,77,1,1,TRUE,"ok",-30.0540183537247,-5.15761339467803,-0.145489636103239,-35.357121384506,0.00699999999999967
"74","probe",0.5,78,1,1,TRUE,"ok",-30.2719305221554,-4.91215795900744,-0.110603106688911,-35.2946915878517,0.00699999999999967
"74","probe",0.5,79,1,1,TRUE,"ok",-29.5030269742691,-5.22912696402302,-0.0670204257621931,-34.7991743640543,0.00599999999999845
"74","probe",0.5,80,1,1,TRUE,"ok",-30.7329083692213,-3.79229820602608,-0.0521543860567419,-34.5773609613041,0.00799999999999912
"74","probe",0.5,81,1,1,TRUE,"ok",-31.2032732806256,-1.93018259885535,-0.0928366442266452,-33.2262925237076,0.00700000000000145
"74","probe",0.8,1,1,1,TRUE,"ok",-30.538561487792,-1.90577185913301,-0.0881192122540828,-32.5324525591791,0.00799999999999912
"74","probe",0.8,2,1,1,TRUE,"ok",-32.1791844674702,-5.62407735966354,-0.0166881700643324,-37.8199499971981,0.0080000000000009
"74","probe",0.8,3,1,1,TRUE,"ok",-29.3420340482479,-8.48566404969892,-0.0881192122540828,-37.9158173102009,0.00699999999999967
"74","probe",0.8,4,1,1,TRUE,"ok",-30.6865828800028,-6.07677866367221,-0.0881192122540828,-36.8514807559291,0.00900000000000034
"74","probe",0.8,5,1,1,TRUE,"ok",-30.5955974131036,-6.45939406199773,-0.0881192122540828,-37.1431106873554,0.00699999999999967
"74","probe",0.8,6,1,1,TRUE,"ok",-33.4114430558521,-4.59420285334743,-0.0881192122540828,-38.0937651214536,0.00699999999999967
"74","probe",0.8,7,1,1,TRUE,"ok",-35.1438627062885,-3.56617444384257,-0.0881192122540828,-38.7981563623851,0.00699999999999967
"74","probe",0.8,8,1,1,TRUE,"ok",-30.5382065009817,-7.01280330363399,-0.0881192122540828,-37.6391290168698,0.0080000000000009
"74","probe",0.8,9,1,1,TRUE,"ok",-30.5383923757553,-7.00730024203776,-0.0881192122540828,-37.6338118300471,0.00799999999999912
"74","probe",0.8,10,1,1,TRUE,"ok",-34.2691195733478,-3.4826031239298,-0.408300959615215,-38.1600236568928,0.0080000000000009
"74","probe",0.8,11,1,1,TRUE,"ok",-33.3535351874515,-4.64439950650716,-0.0881192122540828,-38.0860539062128,0.00699999999999967
"74","probe",0.8,12,1,1,TRUE,"ok",-33.6308317002252,-4.32910233414545,-0.0881192122540828,-38.0480532466247,0.00600000000000023
"74","probe",0.8,13,1,1,TRUE,"ok",-34.6184340374504,-4.21127845383092,-0.0881192122540828,-38.9178317035354,0.00599999999999845
"74","probe",0.8,14,1,1,TRUE,"ok",-32.8488078035077,-5.19164255915087,-0.0881192122540828,-38.1285695749127,0.00699999999999967
"74","probe",0.8,15,1,1,TRUE,"ok",-36.6858929453478,-1.39372896026638,-0.0881192122540828,-38.1677411178682,0.00900000000000034
"74","probe",0.8,16,1,1,TRUE,"ok",-30.5396069368201,-7.14636322018552,-0.0881192122540828,-37.7740893692597,0.00699999999999967
"74","probe",0.8,17,1,1,TRUE,"ok",-30.5390800778457,-7.21135422057713,-0.0881192122540828,-37.8385535106769,0.00699999999999967
"74","probe",0.8,18,1,1,TRUE,"ok",-30.9689511808901,-6.05062141158154,-0.0619356791178121,-37.0815082715894,0.00799999999999912
"74","probe",0.8,19,1,1,TRUE,"ok",-32.1518866050485,-3.10907193347803,-0.043943651739489,-35.3049021902661,0.00599999999999845
"74","probe",0.8,20,1,1,TRUE,"ok",-31.5580720529564,-5.2472422725729,-0.0777182578672542,-36.8830325833965,0.00900000000000034
"74","probe",0.8,21,1,1,TRUE,"ok",-30.9828687072258,-4.45754379538668,-0.110012522526941,-35.5504250251394,0.00699999999999967
"74","probe",0.8,22,1,1,TRUE,"ok",-32.5064701280668,-2.67387555871402,-0.183660655245513,-35.3640063420264,0.00700000000000145
"74","probe",0.8,23,1,1,TRUE,"ok",-32.382562635528,-5.20062783326266,-0.156947300787715,-37.7401377695783,0.00699999999999967
"74","probe",0.8,24,1,1,TRUE,"ok",-32.9529555245908,-1.6125731857324,-0.063079117676648,-34.6286078279998,0.00700000000000145
"74","probe",0.8,25,1,1,TRUE,"ok",-33.5620732986579,-3.79829933582997,-0.0948166302572344,-37.4551892647451,0.00600000000000023
"74","probe",0.8,26,1,1,TRUE,"ok",-32.5035262510763,-3.19088998604762,-0.0769979835067893,-35.7714142206307,0.0080000000000009
"74","probe",0.8,27,1,1,TRUE,"ok",-32.7688341864626,-3.9276903031176,-0.0911369859647583,-36.7876614755449,0.00699999999999967
"74","probe",0.8,28,1,1,TRUE,"ok",-30.4925751470379,-4.18725177221747,-0.117569024802447,-34.7973959440578,0.00699999999999967
"74","probe",0.8,29,1,1,TRUE,"ok",-29.9492617057453,-4.06148114165371,-0.092119636476811,-34.1028624838758,0.00599999999999845
"74","probe",0.8,30,1,1,TRUE,"ok",-32.1342695714342,-2.16813471200414,-0.109336677035892,-34.4117409604742,0.00600000000000023
"74","probe",0.8,31,1,1,TRUE,"ok",-31.5924486621305,-6.12872686647734,-0.0388557772468548,-37.7600313058547,0.00799999999999912
"74","probe",0.8,32,1,1,TRUE,"ok",-30.9393023478672,-4.42193259355006,-0.0690481830395642,-35.4302831244568,0.00699999999999967
"74","probe",0.8,33,1,1,TRUE,"ok",-31.9419358257725,-4.15725007402478,-0.123827839811314,-36.2230137396086,0.00699999999999967
"74","probe",0.8,34,1,1,TRUE,"ok",-30.3239285746934,-3.65948008659596,-0.0397619875909177,-34.0231706488802,0.00699999999999967
"74","probe",0.8,35,1,1,TRUE,"ok",-31.6858582051293,-3.29989500110604,-0.0512581275919641,-35.0370113338273,0.00699999999999967
"74","probe",0.8,36,1,1,TRUE,"ok",-29.8853725524268,-5.57128479451926,-0.119766165634183,-35.5764235125803,0.00699999999999967
"74","probe",0.8,37,1,1,TRUE,"ok",-32.1972489940992,-4.90735089114785,-0.094392495157598,-37.1989923804046,0.0380000000000003
"74","probe",0.8,38,1,1,TRUE,"ok",-30.5706093184317,-5.60962999699693,-0.159422803624921,-36.3396621190535,0.00600000000000023
"74","probe",0.8,39,1,1,TRUE,"ok",-31.5428008613978,-2.91253891571344,-0.118444729409734,-34.5737845065209,0.00600000000000023
"74","probe",0.8,40,1,1,TRUE,"ok",-31.6838437197282,-2.66773551266764,-0.0731977999415925,-34.4247770323374,0.00700000000000145
"74","probe",0.8,41,1,1,TRUE,"ok",-32.7559066629301,-2.33700107589915,-0.125794266148514,-35.2187020049777,0.00799999999999912
"74","probe",0.8,42,1,1,TRUE,"ok",-32.5010211248683,-2.7174569492982,-0.215151754829038,-35.4336298289956,0.0080000000000009
"74","probe",0.8,43,1,1,TRUE,"ok",-30.8438074012753,-4.98960349050019,-0.070056883316125,-35.9034677750916,0.00600000000000023
"74","probe",0.8,44,1,1,TRUE,"ok",-31.1983117036731,-4.61798504572947,-0.242961411655427,-36.059258161058,0.00600000000000023
"74","probe",0.8,45,1,1,TRUE,"ok",-31.580659356514,-4.54937752185692,-0.0777608471807,-36.2077977255517,0.00599999999999845
"74","probe",0.8,46,1,1,TRUE,"ok",-30.2295714045276,-5.46266031450268,-0.102412281182212,-35.7946440002125,0.00600000000000023
"74","probe",0.8,47,1,1,TRUE,"ok",-32.5241477123276,-2.61783520387027,-0.083327281456873,-35.2253101976547,0.00600000000000023
"74","probe",0.8,48,1,1,TRUE,"ok",-29.9298596583639,-3.82407224015886,-0.0586482432963961,-33.8125801418192,0.0080000000000009
"74","probe",0.8,49,1,1,TRUE,"ok",-31.6878231212696,-4.56470762170658,-0.0602206010209389,-36.3127513439971,0.00600000000000023
"74","probe",0.8,50,1,1,TRUE,"ok",-32.4056029977725,-4.88494601433957,-0.0456389304013093,-37.3361879425134,0.00600000000000023
"74","probe",0.8,51,1,1,TRUE,"ok",-34.5336455005339,-1.6790303333515,-0.160636126517577,-36.373311960403,0.00600000000000023
"74","probe",0.8,52,1,1,TRUE,"ok",-32.9334422778187,-4.04314681736881,-0.139655665398677,-37.1162447605862,0.00600000000000023
"74","probe",0.8,53,1,1,TRUE,"ok",-31.3841690192613,-6.16869010512367,-0.0417465522080872,-37.594605676593,0.00799999999999912
"74","probe",0.8,54,1,1,TRUE,"ok",-30.806602193901,-3.84710042681276,-0.086045299682515,-34.7397479203963,0.00600000000000023
"74","probe",0.8,55,1,1,TRUE,"ok",-31.4554538712421,-4.18481155620132,-0.0383082509680674,-35.6785736784115,0.00600000000000023
"74","probe",0.8,56,1,1,TRUE,"ok",-31.4495616061375,-2.94200647699056,-0.0414905200112098,-34.4330586031392,0.00699999999999967
"74","probe",0.8,57,1,1,TRUE,"ok",-31.2868373409388,-4.49207857991949,-0.0788889799351793,-35.8578049007935,0.00600000000000023
"74","probe",0.8,58,1,1,TRUE,"ok",-31.6042258322905,-4.03067685847779,-0.0414742804586315,-35.6763769712269,0.00699999999999967
"74","probe",0.8,59,1,1,TRUE,"ok",-32.3590437654275,-2.70843576969441,-0.0546638937986705,-35.1221434289206,0.00700000000000145
"74","probe",0.8,60,1,1,TRUE,"ok",-32.0786159088567,-3.45641791189639,-0.0835723206856698,-35.6186061414387,0.00600000000000023
"74","probe",0.8,61,1,1,TRUE,"ok",-32.8746617595504,-2.29061169344946,-0.114000813986062,-35.2792742669859,0.00699999999999967
"74","probe",0.8,62,1,1,TRUE,"ok",-32.169075132139,-4.61237980905974,-0.116886593424666,-36.8983415346234,0.00700000000000145
"74","probe",0.8,63,1,1,TRUE,"ok",-32.0566024834386,-4.36098132358657,-0.0337474032340117,-36.4513312102592,0.00799999999999912
"74","probe",0.8,64,1,1,TRUE,"ok",-33.1587633905666,-3.82891896402073,-0.0928013035115,-37.0804836580989,0.00900000000000034
"74","probe",0.8,65,1,1,TRUE,"ok",-31.272487009226,-3.66116733555594,-0.108909475730957,-35.0425638205129,0.00699999999999967
"74","probe",0.8,66,1,1,TRUE,"ok",-30.4519633037403,-3.71702428240737,-0.126739287608404,-34.2957268737561,0.00699999999999967
"74","probe",0.8,67,1,1,TRUE,"ok",-30.6856416148339,-4.55631118010639,-0.0587850609917069,-35.300737855932,0.00600000000000023
"74","probe",0.8,68,1,1,TRUE,"ok",-31.0162955371815,-3.42773058694773,-0.186122074817278,-34.6301481989465,0.00600000000000023
"74","probe",0.8,69,1,1,TRUE,"ok",-30.5539792374997,-3.2474761073694,-0.116129024386118,-33.9175843692553,0.00699999999999967
"74","probe",0.8,70,1,1,TRUE,"ok",-30.1947386078071,-3.04037727807675,-0.0784884682371994,-33.313604354121,0.00799999999999912
"74","probe",0.8,71,1,1,TRUE,"ok",-31.3424657739989,-3.66343432740423,-0.0614960440662381,-35.0673961454694,0.00600000000000023
"74","probe",0.8,72,1,1,TRUE,"ok",-31.0757438842669,-4.81636592640552,-0.0781406717375579,-35.97025048241,0.00699999999999967
"74","probe",0.8,73,1,1,TRUE,"ok",-30.6972667670224,-3.2487516438251,-0.0919223563889364,-34.0379407672364,0.00600000000000023
"74","probe",0.8,74,1,1,TRUE,"ok",-31.2284301046291,-4.01871223692273,-0.232510954073839,-35.4796532956256,0.00699999999999967
"74","probe",0.8,75,1,1,TRUE,"ok",-31.8671783145636,-3.00131488931451,-0.0921597397943453,-34.9606529436724,0.00699999999999967
"74","probe",0.8,76,1,1,TRUE,"ok",-33.4540570957219,-5.08390608032619,-0.0850253335606119,-38.6229885096086,0.00600000000000023
"74","probe",0.8,77,1,1,TRUE,"ok",-33.5546420709829,-3.18145405140358,-0.0535887436838277,-36.7896848660703,0.00600000000000023
"74","probe",0.8,78,1,1,TRUE,"ok",-31.7515511243633,-3.71492507025439,-0.0766725586729644,-35.5431487532907,0.0069999999999979
"74","probe",0.8,79,1,1,TRUE,"ok",-31.2990548560625,-5.0096404990974,-0.0575621577450937,-36.366257512905,0.00700000000000145
"74","probe",0.8,80,1,1,TRUE,"ok",-29.7860508176315,-6.55033205783789,-0.137337051001539,-36.4737199264709,0.00799999999999912
"74","probe",0.8,81,1,1,TRUE,"ok",-31.7507648117956,-2.94803794836426,-0.127505798397615,-34.8263085585575,0.00600000000000023
"74","probe",0.95,1,1,1,TRUE,"ok",-30.538561487792,-1.90577185913301,-0.0881192122540828,-32.5324525591791,0.00600000000000023
"74","probe",0.95,2,1,1,TRUE,"ok",-33.0006222690755,-6.94984100255276,-0.0121976015929523,-39.9626608732212,0.00600000000000023
"74","probe",0.95,3,1,1,TRUE,"ok",-29.4610652114457,-10.7390746130756,-0.0881192122540828,-40.2882590367754,0.00600000000000023
"74","probe",0.95,4,1,1,TRUE,"ok",-30.7632951396559,-7.57762734845658,-0.0881192122540828,-38.4290417003665,0.0069999999999979
"74","probe",0.95,5,1,1,TRUE,"ok",-30.8342578050056,-8.01741703378346,-0.0881192122540828,-38.9397940510431,0.00800000000000267
"74","probe",0.95,6,1,1,TRUE,"ok",-34.5544532332721,-5.75286178979155,-0.0881192122540828,-40.3954342353177,0.00600000000000023
"74","probe",0.95,7,1,1,TRUE,"ok",-37.9034884487038,-3.99440161019913,-0.0881192122540828,-41.986009271157,0.00600000000000023
"74","probe",0.95,8,1,1,TRUE,"ok",-30.5381742094715,-9.10050203338749,-0.0881192122540828,-39.7267954551131,0.00600000000000023
"74","probe",0.95,9,1,1,TRUE,"ok",-30.5383766152444,-9.10052658983085,-0.0881192122540828,-39.7270224173293,0.0069999999999979
"74","probe",0.95,10,1,1,TRUE,"ok",-35.6660380947309,-4.31205720739215,-0.525591150657057,-40.5036864527801,0.0069999999999979
"74","probe",0.95,11,1,1,TRUE,"ok",-34.0397181232256,-6.17387759384257,-0.0881192122540828,-40.3017149293222,0.00600000000000023
"74","probe",0.95,12,1,1,TRUE,"ok",-34.6519642169345,-5.5049697850655,-0.0881192122540828,-40.2450532142541,0.00700000000000145
"74","probe",0.95,13,1,1,TRUE,"ok",-35.9919369290105,-5.45520449034002,-0.0881192122540828,-41.5352606316046,0.0069999999999979
"74","probe",0.95,14,1,1,TRUE,"ok",-33.7968403582544,-6.45885493356122,-0.0881192122540828,-40.3438145040697,0.00700000000000145
"74","probe",0.95,15,1,1,TRUE,"ok",-38.4586062057104,-1.4335883487186,-0.0881192122540828,-39.9803137666831,0.00700000000000145
"74","probe",0.95,16,1,1,TRUE,"ok",-30.5399508996931,-9.25886544895781,-0.0881192122540828,-39.886935560905,0.00799999999999912
"74","probe",0.95,17,1,1,TRUE,"ok",-30.5392557625441,-9.34247556551577,-0.0881192122540828,-39.969850540314,0.00600000000000023
"74","probe",0.95,18,1,1,TRUE,"ok",-31.2133054600577,-2.08057201655582,-0.110891164744636,-33.4047686413582,0.00600000000000023
"74","probe",0.95,19,1,1,TRUE,"ok",-30.3555484105261,-4.44704991244098,-0.0606963663255542,-34.8632946892926,0.00799999999999912
"74","probe",0.95,20,1,1,TRUE,"ok",-31.0968516530548,-4.92312899736501,-0.0537771906995217,-36.0737578411193,0.00700000000000145
"74","probe",0.95,21,1,1,TRUE,"ok",-31.2672200749961,-4.30668577018944,-0.0648872350369153,-35.6387930802225,0.00799999999999912
"74","probe",0.95,22,1,1,TRUE,"ok",-31.5654641716983,-6.91323578625798,-0.142550052796828,-38.6212500107531,0.00600000000000023
"74","probe",0.95,23,1,1,TRUE,"ok",-34.7414217671574,-4.2774073207453,-0.0247573819082862,-39.043586469811,0.0069999999999979
"74","probe",0.95,24,1,1,TRUE,"ok",-30.4637237633447,-4.31973319687811,-0.127130881844953,-34.9105878420678,0.00700000000000145
"74","probe",0.95,25,1,1,TRUE,"ok",-32.7071603644064,-3.09238735008069,-0.0572268196977058,-35.8567745341848,0.00700000000000145
"74","probe",0.95,26,1,1,TRUE,"ok",-35.3513988833859,-3.49255940837504,-0.184300906252237,-39.0282591980132,0.00799999999999912
"74","probe",0.95,27,1,1,TRUE,"ok",-30.3718716698849,-5.00080947542254,-0.0767175385299464,-35.4493986838374,0.0069999999999979
"74","probe",0.95,28,1,1,TRUE,"ok",-32.9467018108259,-3.87353164134307,-0.094011703807619,-36.9142451559766,0.00700000000000145
"74","probe",0.95,29,1,1,TRUE,"ok",-31.2229330836629,-4.81137375402543,-0.0884557490631672,-36.1227625867515,0.00700000000000145
"74","probe",0.95,30,1,1,TRUE,"ok",-37.1207376878534,-3.62917764981864,-0.241253223788251,-40.9911685614603,0.00700000000000145
"74","probe",0.95,31,1,1,TRUE,"ok",-31.2680947978477,-4.18749338107367,-0.0918845075303808,-35.5474726864517,0.0069999999999979
"74","probe",0.95,32,1,1,TRUE,"ok",-32.0325169062143,-5.9242054199421,-0.184590586238597,-38.141312912395,0.00700000000000145
"74","probe",0.95,33,1,1,TRUE,"ok",-29.9933649622668,-4.23533428866975,-0.0829840296942986,-34.3116832806309,0.0069999999999979
"74","probe",0.95,34,1,1,TRUE,"ok",-29.6304551599818,-5.27847883300971,-0.0792103905062839,-34.9881443834977,0.00700000000000145
"74","probe",0.95,35,1,1,TRUE,"ok",-31.4475920781572,-3.24737301616192,-0.0416069076052678,-34.7365720019244,0.00600000000000023
"74","probe",0.95,36,1,1,TRUE,"ok",-30.2488424556262,-3.80880755673537,-0.0675062657601655,-34.1251562781218,0.00700000000000145
"74","probe",0.95,37,1,1,TRUE,"ok",-31.7435981756841,-2.75683346090894,-0.0574780587891241,-34.5579096953821,0.00700000000000145
"74","probe",0.95,38,1,1,TRUE,"ok",-31.6220764739872,-3.8601156879189,-0.056600305173513,-35.5387924670796,0.00600000000000023
"74","probe",0.95,39,1,1,TRUE,"ok",-30.755664215758,-6.01616175855034,-0.0942734493471986,-36.8660994236555,0.00700000000000145
"74","probe",0.95,40,1,1,TRUE,"ok",-31.7454365427005,-3.19620796942899,-0.149339665817439,-35.0909841779469,0.00700000000000145
"74","probe",0.95,41,1,1,TRUE,"ok",-32.4332794919362,-4.68293931316894,-0.0556374756404413,-37.1718562807456,0.00799999999999912
"74","probe",0.95,42,1,1,TRUE,"ok",-31.4209109355031,-3.06911402853933,-0.0945340864508192,-34.5845590504933,0.00800000000000267
"74","probe",0.95,43,1,1,TRUE,"ok",-30.9017469568075,-7.98638511026479,-0.182891794857251,-39.0710238619295,0.00700000000000145
"74","probe",0.95,44,1,1,TRUE,"ok",-30.5806880169069,-4.55181380509419,-0.112776254227267,-35.2452780762283,0.00600000000000023
"74","probe",0.95,45,1,1,TRUE,"ok",-33.3759920170375,-3.28271314462265,-0.154619166709315,-36.8133243283695,0.00799999999999912
"74","probe",0.95,46,1,1,TRUE,"ok",-31.6881776238269,-5.51944395096534,-0.16283675381676,-37.370458328609,0.00600000000000023
"74","probe",0.95,47,1,1,TRUE,"ok",-31.4564116937223,-7.21383035408951,-0.14399065248028,-38.8142327002921,0.0069999999999979
"74","probe",0.95,48,1,1,TRUE,"ok",-32.0426361595912,-4.73056361817997,-0.147891813795529,-36.9210915915667,0.00800000000000267
"74","probe",0.95,49,1,1,TRUE,"ok",-33.2353905473375,-3.69948328162409,-0.0539746688924451,-36.988848497854,0.00700000000000145
"74","probe",0.95,50,1,1,TRUE,"ok",-32.0104501120474,-1.90113054509849,-0.0716608190699122,-33.9832414762158,0.00700000000000145
"74","probe",0.95,51,1,1,TRUE,"ok",-30.315297115855,-3.70290232673513,-0.0645154946016783,-34.0827149371918,0.00799999999999912
"74","probe",0.95,52,1,1,TRUE,"ok",-30.9131818750587,-4.73979705811131,-0.0818439962196417,-35.7348229293897,0.0069999999999979
"74","probe",0.95,53,1,1,TRUE,"ok",-31.3747335248831,-2.51387892055993,-0.0871441829918147,-33.9757566284349,0.00900000000000034
"74","probe",0.95,54,1,1,TRUE,"ok",-31.0542618635014,-6.05131136456439,-0.107736513274767,-37.2133097413406,0.00600000000000023
"74","probe",0.95,55,1,1,TRUE,"ok",-30.9143784550798,-3.57411613131192,-0.138497580106128,-34.6269921664979,0.00700000000000145
"74","probe",0.95,56,1,1,TRUE,"ok",-30.4560646696144,-4.68750567742721,-0.0984817347278402,-35.2420520817695,0.00700000000000145
"74","probe",0.95,57,1,1,TRUE,"ok",-34.9318625653598,-2.57133547010166,-0.0692413113479192,-37.5724393468094,0.00700000000000145
"74","probe",0.95,58,1,1,TRUE,"ok",-29.3152483502289,-9.1248693412454,-0.0680937223735615,-38.5082114138479,0.0069999999999979
"74","probe",0.95,59,1,1,TRUE,"ok",-31.1175757789607,-3.14885545715821,-0.0873975712924143,-34.3538288074113,0.00600000000000023
"74","probe",0.95,60,1,1,TRUE,"ok",-32.8306820795571,-3.3264132117699,-0.0420322428066261,-36.1991275341336,0.00700000000000145
"74","probe",0.95,61,1,1,TRUE,"ok",-33.5645035542947,-2.20832369843623,-0.098316599975191,-35.8711438527061,0.00600000000000023
"74","probe",0.95,62,1,1,TRUE,"ok",-31.7820156285049,-3.94276480886663,-0.148954999925439,-35.873735437297,0.00700000000000145
"74","probe",0.95,63,1,1,TRUE,"ok",-31.3780828447745,-2.95282795492598,-0.0574368460221306,-34.3883476457226,0.00600000000000023
"74","probe",0.95,64,1,1,TRUE,"ok",-34.7583406560876,-4.13392601045198,-0.168752883006402,-39.061019549546,0.00799999999999912
"74","probe",0.95,65,1,1,TRUE,"ok",-33.7875736586106,-3.77307986107928,-0.0600051987943019,-37.6206587184842,0.00700000000000145
"74","probe",0.95,66,1,1,TRUE,"ok",-31.9296246741914,-7.39400692581842,-0.135767425833799,-39.4593990258436,0.00600000000000023
"74","probe",0.95,67,1,1,TRUE,"ok",-30.2290417562962,-7.89374876742215,-0.0651531603501316,-38.1879436840685,0.00700000000000145
"74","probe",0.95,68,1,1,TRUE,"ok",-30.3945571442313,-3.54188123420813,-0.107394685199159,-34.0438330636386,0.00600000000000023
"74","probe",0.95,69,1,1,TRUE,"ok",-30.2810485742153,-7.14481448701465,-0.0549479936307234,-37.4808110548607,0.00799999999999912
"74","probe",0.95,70,1,1,TRUE,"ok",-30.8597333357912,-4.09927795709428,-0.132165192400357,-35.0911764852858,0.00600000000000023
"74","probe",0.95,71,1,1,TRUE,"ok",-33.775384043694,-3.39869385891925,-0.0793126569198466,-37.2533905595331,0.00600000000000023
"74","probe",0.95,72,1,1,TRUE,"ok",-31.5206447610663,-2.11358928351756,-0.0859366018835761,-33.7201706464674,0.0069999999999979
"74","probe",0.95,73,1,1,TRUE,"ok",-32.3322126559863,-5.19658468304908,-0.140890491355698,-37.669687830391,0.00700000000000145
"74","probe",0.95,74,1,1,TRUE,"ok",-31.223656746815,-4.04883359833227,-0.0987490060716689,-35.371239351219,0.00600000000000023
"74","probe",0.95,75,1,1,TRUE,"ok",-33.2616995113389,-2.95554044818597,-0.0877866155603139,-36.3050265750852,0.00799999999999912
"74","probe",0.95,76,1,1,TRUE,"ok",-32.4318720623598,-2.88773786721433,-0.0612300929692,-35.3808400225433,0.00700000000000145
"74","probe",0.95,77,1,1,TRUE,"ok",-29.733104479584,-7.15877532013662,-0.0646796651293607,-36.95655946485,0.00799999999999912
"74","probe",0.95,78,1,1,TRUE,"ok",-33.1624949061724,-5.668633930532,-0.150048746220757,-38.9811775829252,0.00700000000000145
"74","probe",0.95,79,1,1,TRUE,"ok",-32.3261913017496,-3.69273481672983,-0.0626488185903769,-36.0815749370698,0.00800000000000267
"74","probe",0.95,80,1,1,TRUE,"ok",-31.3928668028317,-3.14736853701006,-0.131048679839182,-34.6712840196809,0.00900000000000034
"74","probe",0.95,81,1,1,TRUE,"ok",-31.1461743723312,-5.03924638338617,-0.121825044818541,-36.3072458005359,0.00600000000000023
"74","validation",NA,1,1,1,TRUE,"ok",-32.5834840924074,-6.11034667499014,-0.0423242975262747,-38.7361550649238,0.00700000000000145
"74","validation",NA,2,1,1,TRUE,"ok",-29.6305450833405,-7.69243786725944,-0.0631808811792638,-37.3861638317792,0.00800000000000267
"74","validation",NA,3,1,1,TRUE,"ok",-29.7293792534069,-5.92173934649375,-0.153594237540739,-35.8047128374414,0.00700000000000145
"74","validation",NA,4,1,1,TRUE,"ok",-30.6396136696538,-3.52517239618395,-0.0814553458448747,-34.2462414116826,0.00900000000000034
"74","validation",NA,5,1,1,TRUE,"ok",-30.7001179171778,-6.47299585839063,-0.0496847127599288,-37.2227984883284,0.00600000000000023
"74","validation",NA,6,1,1,TRUE,"ok",-35.7113908713397,-1.93213388966876,-0.0589792003640647,-37.7025039613725,0.0069999999999979
"74","validation",NA,7,1,1,TRUE,"ok",-33.8294782288917,-5.95953952355488,-0.218911737310477,-40.007929489757,0.00600000000000023
"74","validation",NA,8,1,1,TRUE,"ok",-32.0023852485671,-2.21174595611209,-0.0666282923554001,-34.2807594970346,0.00700000000000145
"74","validation",NA,9,1,1,TRUE,"ok",-32.1618566143232,-3.34328137901144,-0.126547244901162,-35.6316852382358,0.0069999999999979
"74","validation",NA,10,1,1,TRUE,"ok",-32.2408096082932,-3.43773431000987,-0.0979246013722289,-35.7764685196753,0.00799999999999912
"74","validation",NA,11,1,1,TRUE,"ok",-31.732678683251,-7.73454101893751,-0.0377330850537909,-39.5049527872423,0.0069999999999979
"74","validation",NA,12,1,1,TRUE,"ok",-31.5614546288564,-4.15439115923146,-0.123343465415324,-35.8391892535032,0.00799999999999912
"74","validation",NA,13,1,1,TRUE,"ok",-29.7626107735172,-4.54246042204783,-0.0724287832606398,-34.3774999788257,0.00700000000000145
"74","validation",NA,14,1,1,TRUE,"ok",-30.795405934177,-2.76038342716151,-0.100744561491671,-33.6565339228302,0.0069999999999979
"74","validation",NA,15,1,1,TRUE,"ok",-33.2309751723103,-7.45157968022349,-0.121882615946146,-40.8044374684799,0.00799999999999912
"74","validation",NA,16,1,1,TRUE,"ok",-31.8545616526766,-4.65869695396685,-0.142018109152403,-36.6552767157959,0.0069999999999979
"74","validation",NA,17,1,1,TRUE,"ok",-30.0155873882502,-3.75281179676469,-0.0471083619225286,-33.8155075469375,0.00700000000000145
"74","validation",NA,18,1,1,TRUE,"ok",-32.2437304754143,-5.19655143014667,-0.110740608545692,-37.5510225141066,0.00600000000000023
"74","validation",NA,19,1,1,TRUE,"ok",-32.0160731889032,-3.26178235122089,-0.0689766341237471,-35.3468321742479,0.00600000000000023
"74","validation",NA,20,1,1,TRUE,"ok",-34.4008660319857,-2.14872929069497,-0.177959679554014,-36.7275550022347,0.0069999999999979
"74","validation",NA,21,1,1,TRUE,"ok",-31.6715718790765,-3.50464140663576,-0.0443318249917005,-35.220545110704,0.00800000000000267
"74","validation",NA,22,1,1,TRUE,"ok",-30.9557487240052,-8.10514654022579,-0.207822624666272,-39.2687178888973,0.00600000000000023
"74","validation",NA,23,1,1,TRUE,"ok",-31.060227797629,-5.2993888168472,-0.159704893437652,-36.5193215079139,0.00700000000000145
"74","validation",NA,24,1,1,TRUE,"ok",-31.9273059873027,-7.0861033737558,-0.202208237935896,-39.2156175989944,0.00600000000000023
"74","validation",NA,25,1,1,TRUE,"ok",-35.0119025413931,-1.42215467985383,-0.114970780159419,-36.5490280014064,0.00600000000000023
"74","validation",NA,26,1,1,TRUE,"ok",-32.347929201431,-4.37541086170194,-0.0602354909957729,-36.7835755541287,0.00799999999999912
"74","validation",NA,27,1,1,TRUE,"ok",-32.1212929084586,-4.41611242476492,-0.0718552859660035,-36.6092606191895,0.0069999999999979
"74","validation",NA,28,1,1,TRUE,"ok",-33.4364875678699,-4.29805093584682,-0.137130930062593,-37.8716694337793,0.0069999999999979
"74","validation",NA,29,1,1,TRUE,"ok",-31.7603063654599,-4.08318465846865,-0.0396950337825744,-35.8831860577111,0.00700000000000145
"74","validation",NA,30,1,1,TRUE,"ok",-31.6817503133261,-2.61740934412226,-0.116037130775907,-34.4151967882243,0.00700000000000145
"74","validation",NA,31,1,1,TRUE,"ok",-32.0758758057837,-4.78664642033057,-0.0625903502538188,-36.9251125763681,0.00899999999999679
"74","validation",NA,32,1,1,TRUE,"ok",-32.6465510834738,-4.1965681357003,-0.0616735226272336,-36.9047927418013,0.00700000000000145
"74","validation",NA,33,1,1,TRUE,"ok",-32.2511840726203,-5.93974979176136,-0.0265807047766849,-38.2175145691583,0.00700000000000145
"74","validation",NA,34,1,1,TRUE,"ok",-33.0978017468343,-7.68622175929209,-0.0653496711646454,-40.8493731772911,0.00600000000000023
"74","validation",NA,35,1,1,TRUE,"ok",-31.561793874632,-2.17347906235461,-0.0636037954558724,-33.7988767324425,0.00599999999999667
"74","validation",NA,36,1,1,TRUE,"ok",-31.4298784619017,-2.98528099771036,-0.0439469049287644,-34.4591063645408,0.00600000000000023
"74","validation",NA,37,1,1,TRUE,"ok",-33.2768048560556,-2.91076825721648,-0.063537042687243,-36.2511101559593,0.00799999999999912
"74","validation",NA,38,1,1,TRUE,"ok",-32.5187811026292,-5.37918632029798,-0.0287812615673387,-37.9267486844945,0.00600000000000023
"74","validation",NA,39,1,1,TRUE,"ok",-30.2414172760354,-3.51869483855089,-0.0639263022228793,-33.8240384168092,0.00600000000000023
"74","validation",NA,40,1,1,TRUE,"ok",-32.1817141758161,-3.72889437782771,-0.108302693748261,-36.0189112473921,0.0069999999999979
"74","validation",NA,41,1,1,TRUE,"ok",-33.6285403628448,-2.10863178397542,-0.0719205928565249,-35.8090927396767,0.00600000000000023
"74","validation",NA,42,1,1,TRUE,"ok",-32.1659500360079,-5.47749100097757,-0.100686125509937,-37.7441271624954,0.00799999999999912
"74","validation",NA,43,1,1,TRUE,"ok",-31.8922398094753,-2.09090875995952,-0.172586619320601,-34.1557351887554,0.0069999999999979
"74","validation",NA,44,1,1,TRUE,"ok",-29.9975988081749,-5.01340581674366,-0.121961661376962,-35.1329662862955,0.00700000000000145
"74","validation",NA,45,1,1,TRUE,"ok",-31.470836667283,-3.29673225574274,-0.08085456597877,-34.8484234890045,0.00700000000000145
"74","validation",NA,46,1,1,TRUE,"ok",-31.5498234385035,-6.48119403627283,-0.0653277159175145,-38.0963451906939,0.00600000000000023
"74","validation",NA,47,1,1,TRUE,"ok",-35.0885732314207,-3.93147129757268,-0.197604113292836,-39.2176486422862,0.00700000000000145
"74","validation",NA,48,1,1,TRUE,"ok",-32.5200843246988,-5.07235778929816,-0.204513202840095,-37.7969553168371,0.00700000000000145
"74","validation",NA,49,1,1,TRUE,"ok",-30.6894125109931,-3.96460610768543,-0.106004282802924,-34.7600229014814,0.00600000000000023
"74","validation",NA,50,1,1,TRUE,"ok",-33.7833693659722,-5.85921352522626,-0.0857477195738567,-39.7283306107723,0.00600000000000023
"74","validation",NA,51,1,1,TRUE,"ok",-35.052455160515,-3.16686554367605,-0.0910653563174348,-38.3103860605085,0.0069999999999979
"74","validation",NA,52,1,1,TRUE,"ok",-31.0438171148344,-4.11100520688931,-0.0442797533361716,-35.1991020750599,0.00600000000000023
"74","validation",NA,53,1,1,TRUE,"ok",-31.2751562665078,-3.07130162208726,-0.0972326690454776,-34.4436905576406,0.0069999999999979
"74","validation",NA,54,1,1,TRUE,"ok",-30.8577862969035,-5.06161353407479,-0.03679913990496,-35.9561989708832,0.00700000000000145
"74","validation",NA,55,1,1,TRUE,"ok",-32.6920428616738,-3.34914396952721,-0.0657094203911245,-36.1068962515921,0.0069999999999979
"74","validation",NA,56,1,1,TRUE,"ok",-31.2921130696964,-4.40412450006319,-0.049289610658131,-35.7455271804177,0.00600000000000023
"74","validation",NA,57,1,1,TRUE,"ok",-32.4391165017769,-5.45844947875661,-0.0941618532819211,-37.9917278338155,0.00600000000000023
"74","validation",NA,58,1,1,TRUE,"ok",-32.8728938606825,-3.73789858869519,-0.0419637967068259,-36.6527562460845,0.00600000000000023
"74","validation",NA,59,1,1,TRUE,"ok",-30.8319978419797,-3.74512969912174,-0.0653315321383544,-34.6424590732398,0.00799999999999912
"74","validation",NA,60,1,1,TRUE,"ok",-31.7063954960092,-4.29753411853335,-0.183642087042621,-36.1875717015852,0.0069999999999979
"74","validation",NA,61,1,1,TRUE,"ok",-30.8710776285862,-6.94807301126656,-0.0730333631156741,-37.8921840029685,0.00600000000000023
"74","validation",NA,62,1,1,TRUE,"ok",-31.3012097967137,-5.55739834523784,-0.0538350036405166,-36.9124431455921,0.00600000000000023
"74","validation",NA,63,1,1,TRUE,"ok",-37.6217646944352,-4.68705189799623,-0.123169838201509,-42.4319864306329,0.00700000000000145
"74","validation",NA,64,1,1,TRUE,"ok",-30.2877104936211,-6.94303447430021,-0.095305620386912,-37.3260505883082,0.00799999999999912
"74","validation",NA,65,1,1,TRUE,"ok",-30.6593842825255,-3.53003752871164,-0.0887749938714034,-34.2781968051086,0.00600000000000023
"74","validation",NA,66,1,1,TRUE,"ok",-31.5436644402947,-3.5167079872055,-0.0747480641114203,-35.1351204916116,0.00700000000000145
"74","validation",NA,67,1,1,TRUE,"ok",-30.7436954194602,-6.23900156661687,-0.104165959138821,-37.0868629452159,0.00600000000000023
"74","validation",NA,68,1,1,TRUE,"ok",-32.0741586041528,-3.67518823942169,-0.0427114913783563,-35.7920583349529,0.00700000000000145
"74","validation",NA,69,1,1,TRUE,"ok",-31.5794508814739,-3.76991913354131,-0.0896627184308786,-35.4390327334461,0.00700000000000145
"74","validation",NA,70,1,1,TRUE,"ok",-35.4780353925058,-10.1402125196627,-0.0532917122212218,-45.6715396243898,0.00799999999999912
"74","validation",NA,71,1,1,TRUE,"ok",-31.4282319570586,-5.4420177451691,-0.171200345785151,-37.0414500480128,0.0069999999999979
"74","validation",NA,72,1,1,TRUE,"ok",-30.0493675593956,-6.8750855926483,-0.0285782170808877,-36.9530313691248,0.0069999999999979
"74","validation",NA,73,1,1,TRUE,"ok",-31.2503830453993,-2.79099782283406,-0.0591201646328541,-34.1005010328663,0.00700000000000145
"74","validation",NA,74,1,1,TRUE,"ok",-31.1176678714703,-5.62819814739801,-0.178824802903193,-36.9246908217715,0.00700000000000145
"74","validation",NA,75,1,1,TRUE,"ok",-31.8005883444557,-2.89673579436456,-0.11846050067271,-34.8157846394929,0.00900000000000034
"74","validation",NA,76,1,1,TRUE,"ok",-35.1538619468876,-4.18682421428684,-0.178290126174549,-39.518976287349,0.00700000000000145
"74","validation",NA,77,1,1,TRUE,"ok",-31.0583803097651,-3.58940570815032,-0.0683110500375122,-34.716097067953,0.00700000000000145
"74","validation",NA,78,1,1,TRUE,"ok",-29.6961814560728,-6.26561378714117,-0.0774389303259452,-36.0392341735399,0.00799999999999912
"74","validation",NA,79,1,1,TRUE,"ok",-34.3120928505523,-5.94693778680722,-0.105493002728739,-40.3645236400882,0.0069999999999979
"74","validation",NA,80,1,1,TRUE,"ok",-33.5171935276555,-4.89520813929995,-0.0914024600590588,-38.5038041270145,0.00799999999999912
"74","validation",NA,81,1,1,TRUE,"ok",-32.0395308913279,-3.6159682084597,-0.151883637407352,-35.8073827371949,0.0069999999999979
"74","validation",NA,82,1,1,TRUE,"ok",-32.0816933610875,-2.1461751362902,-0.128562147292531,-34.3564306446702,0.00700000000000145
"74","validation",NA,83,1,1,TRUE,"ok",-30.2631870743773,-3.00506532767732,-0.0969473447111365,-33.3651997467657,0.00600000000000023
"74","validation",NA,84,1,1,TRUE,"ok",-32.8503627485482,-6.11827655547989,-0.0748823123387704,-39.0435216163669,0.00600000000000023
"74","validation",NA,85,1,1,TRUE,"ok",-31.6720440844725,-4.50270400601455,-0.232298695358624,-36.4070467858457,0.00800000000000267
"74","validation",NA,86,1,1,TRUE,"ok",-30.5069425428724,-7.10446408531672,-0.166863139784484,-37.7782697679736,0.00500000000000256
"74","validation",NA,87,1,1,TRUE,"ok",-33.1686914399986,-1.90646952237195,-0.05683087520624,-35.1319918375768,0.00700000000000145
"74","validation",NA,88,1,1,TRUE,"ok",-32.5568567286303,-4.49277666726942,-0.06599682503181,-37.1156302209315,0.00600000000000023
"74","validation",NA,89,1,1,TRUE,"ok",-32.0381541276769,-3.34452598168668,-0.0579177490327083,-35.4405978583963,0.00600000000000023
"74","validation",NA,90,1,1,TRUE,"ok",-33.5027291379555,-3.12898549176739,-0.152310140895614,-36.7840247706186,0.0069999999999979
"74","validation",NA,91,1,1,TRUE,"ok",-32.5317449865698,-7.5850063741412,-0.133168041367635,-40.2499194020787,0.00800000000000267
"74","validation",NA,92,1,1,TRUE,"ok",-31.1105524549224,-4.12305961145237,-0.0950456330484967,-35.3286576994232,0.00600000000000023
"74","validation",NA,93,1,1,TRUE,"ok",-32.7852865165247,-8.73607030083418,-0.0710544758877154,-41.5924112932466,0.00600000000000023
"74","validation",NA,94,1,1,TRUE,"ok",-31.5833320029637,-2.85414638785811,-0.0991063378144467,-34.5365847286363,0.00600000000000023
"74","validation",NA,95,1,1,TRUE,"ok",-34.3577589774122,-5.80238866832368,-0.0451855846824507,-40.2053332304184,0.00700000000000145
"74","validation",NA,96,1,1,TRUE,"ok",-32.019066678572,-5.49255708170355,-0.0692389246493537,-37.5808626849249,0.00700000000000145
"74","validation",NA,97,1,1,TRUE,"ok",-30.8865157979601,-3.68345959335479,-0.0712749664152431,-34.6412503577301,0.00600000000000023
"74","validation",NA,98,1,1,TRUE,"ok",-29.1886502537654,-10.9033514194307,-0.0817343388367285,-40.1737360120329,0.00700000000000145
"74","validation",NA,99,1,1,TRUE,"ok",-33.0742544442457,-3.08515688465358,-0.0841765649560822,-36.2435878938553,0.00600000000000023
"74","validation",NA,100,1,1,TRUE,"ok",-33.4879187568318,-3.540060073799,-0.064873087695577,-37.0928519183264,0.00600000000000023
"74","validation",NA,101,1,1,TRUE,"ok",-30.6601052923946,-2.79753248216775,-0.0589912311821636,-33.5166290057445,0.00999999999999801
"74","validation",NA,102,1,1,TRUE,"ok",-31.9695135762231,-2.07210021611276,-0.107296244838653,-34.1489100371745,0.00600000000000023
"74","validation",NA,103,1,1,TRUE,"ok",-32.1197038470207,-2.30580616433198,-0.0974073521018381,-34.5229173634545,0.00600000000000023
"74","validation",NA,104,1,1,TRUE,"ok",-30.3112043972506,-3.38539994586621,-0.0594318765109547,-33.7560362196278,0.00599999999999667
"74","validation",NA,105,1,1,TRUE,"ok",-31.4659879890553,-6.38646404780733,-0.108611939973301,-37.9610639768359,0.00700000000000145
"74","validation",NA,106,1,1,TRUE,"ok",-30.8572243605985,-3.20066213511238,-0.139550280210043,-34.1974367759209,0.00700000000000145
"74","validation",NA,107,1,1,TRUE,"ok",-31.6224108434753,-3.62444680938026,-0.0371748507053882,-35.284032503561,0.00799999999999912
"74","validation",NA,108,1,1,TRUE,"ok",-30.4951247683202,-5.09870933070097,-0.116259663781435,-35.7100937628026,0.0069999999999979
"74","validation",NA,109,1,1,TRUE,"ok",-33.5137688911126,-1.74615597483293,-0.0703013319164122,-35.3302261978619,0.00600000000000023
"74","validation",NA,110,1,1,TRUE,"ok",-32.2644904794036,-4.37051213331343,-0.0704178402330771,-36.7054204529501,0.00700000000000145
"74","validation",NA,111,1,1,TRUE,"ok",-32.2602601507617,-2.96677398717001,-0.0488276368118025,-35.2758617747435,0.00799999999999912
"74","validation",NA,112,1,1,TRUE,"ok",-29.4251234091854,-5.34986700662591,-0.0631475990629734,-34.8381380148743,0.00799999999999912
"74","validation",NA,113,1,1,TRUE,"ok",-31.5397530213121,-2.72591389268803,-0.0735028455179405,-34.3391697595181,0.00700000000000145
"74","validation",NA,114,1,1,TRUE,"ok",-31.2021482973331,-6.74889153203335,-0.162948530783519,-38.11398836015,0.00600000000000023
"74","validation",NA,115,1,1,TRUE,"ok",-32.4520424543739,-5.770500569245,-0.0782942191136405,-38.3008372427325,0.00700000000000145
"74","validation",NA,116,1,1,TRUE,"ok",-32.2305266716221,-2.30771072991728,-0.197943254906812,-34.7361806564462,0.0069999999999979
"74","validation",NA,117,1,1,TRUE,"ok",-32.0467069760438,-3.60318754446442,-0.0843158893820005,-35.7342104098902,0.0069999999999979
"74","validation",NA,118,1,1,TRUE,"ok",-30.399280604167,-4.93454876838996,-0.0305684208445968,-35.3643977934016,0.00799999999999912
"74","validation",NA,119,1,1,TRUE,"ok",-33.5060122365511,-2.60523594608651,-0.100225283943506,-36.2114734665811,0.00799999999999912
"74","validation",NA,120,1,1,TRUE,"ok",-32.2749976087123,-3.60661253455067,-0.0581275476972126,-35.9397376909602,0.00799999999999912
"74","validation",NA,121,1,1,TRUE,"ok",-32.4637354437303,-8.33042263179272,-0.0234865613701738,-40.8176446368932,0.00700000000000145
"74","validation",NA,122,1,1,TRUE,"ok",-30.624349000865,-6.52364790824675,-0.136509023139944,-37.2845059322517,0.00700000000000145
"74","validation",NA,123,1,1,TRUE,"ok",-32.3527250910996,-4.7515835546423,-0.135672603286179,-37.2399812490281,0.00799999999999912
"74","validation",NA,124,1,1,TRUE,"ok",-33.5819560034977,-2.90133882627506,-0.107454092657071,-36.5907489224299,0.00700000000000145
"74","validation",NA,125,1,1,TRUE,"ok",-32.6026803444029,-2.92878911773487,-0.0941927747553107,-35.625662236893,0.0069999999999979
"74","validation",NA,126,1,1,TRUE,"ok",-34.871918084874,-2.58571188544242,-0.19123469224443,-37.6488646625608,0.00700000000000145
"74","validation",NA,127,1,1,TRUE,"ok",-31.8720132907889,-5.45153853872832,-0.0529638633678348,-37.3765156928851,0.00700000000000145
"74","validation",NA,128,1,1,TRUE,"ok",-29.9115832645461,-12.261470902632,-0.0297031080579404,-42.2027572752361,0.00700000000000145
"74","validation",NA,129,1,1,TRUE,"ok",-31.8194730166056,-4.71617696892647,-0.0747943497516905,-36.6104443352837,0.00799999999999912
"74","validation",NA,130,1,1,TRUE,"ok",-31.1110183894753,-4.30947642524378,-0.0890508599359659,-35.509545674655,0.00700000000000145
"74","validation",NA,131,1,1,TRUE,"ok",-32.5592278595918,-5.59716444880496,-0.0309194882254163,-38.1873117966221,0.00600000000000023
"74","validation",NA,132,1,1,TRUE,"ok",-32.7845736630625,-5.73924377532312,-0.0361383381218621,-38.5599557765075,0.0069999999999979
"74","validation",NA,133,1,1,TRUE,"ok",-30.5311679473285,-5.84174371330693,-0.0463888367267367,-36.4193004973622,0.00700000000000145
"74","validation",NA,134,1,1,TRUE,"ok",-34.9329793759539,-3.76889701524813,-0.142605649866594,-38.8444820410686,0.00799999999999912
"74","validation",NA,135,1,1,TRUE,"ok",-30.4320187773197,-4.95287703744957,-0.0600111675616877,-35.4449069823309,0.0069999999999979
"74","validation",NA,136,1,1,TRUE,"ok",-31.8731133430542,-3.31607940772035,-0.158353155975895,-35.3475459067505,0.00600000000000023
"74","validation",NA,137,1,1,TRUE,"ok",-30.7753265172681,-2.46715222442112,-0.115154391447108,-33.3576331331363,0.00700000000000145
"74","validation",NA,138,1,1,TRUE,"ok",-32.4834067032373,-5.85004806785965,-0.104043445273732,-38.4374982163706,0.0069999999999979
"74","validation",NA,139,1,1,TRUE,"ok",-31.468527508346,-5.46304959978218,-0.167958913518875,-37.0995360216471,0.00799999999999912
"74","validation",NA,140,1,1,TRUE,"ok",-31.1628720862773,-2.40353904708598,-0.123416497509336,-33.6898276308726,0.00600000000000023
"74","validation",NA,141,1,1,TRUE,"ok",-32.4243578679579,-3.79356681038907,-0.138030880414565,-36.3559555587616,0.0069999999999979
"74","validation",NA,142,1,1,TRUE,"ok",-31.131031620458,-8.26342713611332,-0.0580790245114402,-39.4525377810827,0.00700000000000145
"74","validation",NA,143,1,1,TRUE,"ok",-32.9005711737594,-3.02954878553493,-0.105327169625642,-36.0354471289199,0.00700000000000145
"74","validation",NA,144,1,1,TRUE,"ok",-33.2156544229623,-3.28642401030225,-0.138271654235273,-36.6403500874998,0.00600000000000023
"74","validation",NA,145,1,1,TRUE,"ok",-32.941410903913,-4.6719208718929,-0.100138766165667,-37.7134705419715,0.00799999999999912
"74","validation",NA,146,1,1,TRUE,"ok",-30.3847542515957,-3.81456000509553,-0.0413244716866158,-34.2406387283778,0.00799999999999912
"74","validation",NA,147,1,1,TRUE,"ok",-33.6037442294297,-2.01853128424324,-0.155080368317633,-35.7773558819906,0.00600000000000023
"74","validation",NA,148,1,1,TRUE,"ok",-30.9317612484814,-3.51329711198761,-0.117396112117998,-34.562454472587,0.00700000000000145
"74","validation",NA,149,1,1,TRUE,"ok",-30.8445474922091,-3.46418732799192,-0.150686925946798,-34.4594217461478,0.00700000000000145
"74","validation",NA,150,1,1,TRUE,"ok",-30.9666287139273,-3.35062176400989,-0.0690184235198586,-34.3862689014571,0.00799999999999912
"74","validation",NA,151,1,1,TRUE,"ok",-32.8360567903029,-3.34813714234116,-0.0990513893207323,-36.2832453219648,0.00600000000000023
"74","validation",NA,152,1,1,TRUE,"ok",-30.6322080464268,-3.76346588150934,-0.128004404716875,-34.5236783326531,0.00599999999999667
"74","validation",NA,153,1,1,TRUE,"ok",-32.2141031415599,-3.89875603384046,-0.125059096895912,-36.2379182722963,0.00700000000000145
"74","validation",NA,154,1,1,TRUE,"ok",-34.2481205263568,-6.83357549643554,-0.0828526637317845,-41.1645486865241,0.0069999999999979
"74","validation",NA,155,1,1,TRUE,"ok",-30.4706596464113,-5.55691892976943,-0.0657728210968351,-36.0933513972775,0.00700000000000145
"74","validation",NA,156,1,1,TRUE,"ok",-30.2406666636818,-3.48848523484797,-0.0765593174740883,-33.8057112160039,0.00799999999999912
"74","validation",NA,157,1,1,TRUE,"ok",-30.7407565679266,-7.63275385179292,-0.0479632403951133,-38.4214736601147,0.0069999999999979
"74","validation",NA,158,1,1,TRUE,"ok",-31.771607590828,-3.72657230889116,-0.0562162476159188,-35.554396147335,0.00600000000000023
"74","validation",NA,159,1,1,TRUE,"ok",-33.1919216907513,-3.21185416230157,-0.135557038140071,-36.5393328911929,0.0069999999999979
"74","validation",NA,160,1,1,TRUE,"ok",-32.8633360117428,-3.21859965966585,-0.227062535497251,-36.3089982069059,0.00700000000000145
"74","validation",NA,161,1,1,TRUE,"ok",-34.1132164561605,-4.04594699918211,-0.0772107985683184,-38.2363742539109,0.00800000000000267
"74","validation",NA,162,1,1,TRUE,"ok",-29.3910999989698,-5.86202383466615,-0.0725075913417427,-35.3256314249777,0.0069999999999979
"74","validation",NA,163,1,1,TRUE,"ok",-34.7491590603837,-5.02620636262153,-0.0343239188617005,-39.809689341867,0.00600000000000023
"74","validation",NA,164,1,1,TRUE,"ok",-31.6260269450127,-4.38085564215373,-0.0729293948017475,-36.0798119819682,0.00599999999999667
"74","validation",NA,165,1,1,TRUE,"ok",-33.5599130131357,-3.34238606339761,-0.202945015625995,-37.1052440921593,0.00600000000000023
"74","validation",NA,166,1,1,TRUE,"ok",-29.4969117809226,-7.0104466521805,-0.0939575062852264,-36.6013159393883,0.00799999999999912
"74","validation",NA,167,1,1,TRUE,"ok",-31.9026676605087,-3.12721627365823,-0.10635390560787,-35.1362378397747,0.00600000000000023
"74","validation",NA,168,1,1,TRUE,"ok",-30.8863826877043,-9.53744374684245,-0.0631023656918389,-40.4869288002386,0.0069999999999979
"74","validation",NA,169,1,1,TRUE,"ok",-33.2425363234363,-5.0761915187569,-0.0506078024900838,-38.3693356446833,0.00700000000000145
"74","validation",NA,170,1,1,TRUE,"ok",-30.1245325976799,-5.82999206386992,-0.175161132942144,-36.129685794492,0.00600000000000023
"74","validation",NA,171,1,1,TRUE,"ok",-30.1620282723177,-6.86751363479183,-0.127082464811474,-37.156624371921,0.00600000000000023
"74","validation",NA,172,1,1,TRUE,"ok",-32.0307327800287,-3.42931522110702,-0.0879027057990143,-35.5479507069347,0.00799999999999912
"74","validation",NA,173,1,1,TRUE,"ok",-31.2747395023356,-3.45876582141049,-0.0754903056323412,-34.8089956293784,0.0069999999999979
"74","validation",NA,174,1,1,TRUE,"ok",-32.2818830819329,-3.01640488347504,-0.0689986670434077,-35.3672866324513,0.0069999999999979
"74","validation",NA,175,1,1,TRUE,"ok",-30.7284059503751,-3.11500698404331,-0.108882525779253,-33.9522954601976,0.00799999999999912
"74","validation",NA,176,1,1,TRUE,"ok",-32.0661423135023,-4.61959171031107,-0.0559939780263731,-36.7417280018397,0.00700000000000145
"74","validation",NA,177,1,1,TRUE,"ok",-31.7442337426264,-3.94118991404662,-0.0603521879764479,-35.7457758446494,0.00799999999999912
"74","validation",NA,178,1,1,TRUE,"ok",-29.5791835141703,-5.33444892681043,-0.0587114180706324,-34.9723438590513,0.00700000000000145
"74","validation",NA,179,1,1,TRUE,"ok",-30.7347777311051,-6.01714280447706,-0.0932007775827132,-36.8451213131648,0.00700000000000145
"74","validation",NA,180,1,1,TRUE,"ok",-33.8580276054481,-6.19742203201321,-0.0493792176302058,-40.1048288550915,0.0069999999999979
"74","validation",NA,181,1,1,TRUE,"ok",-31.4876442068368,-3.6074878134142,-0.0910444951770013,-35.186176515428,0.00799999999999912
"74","validation",NA,182,1,1,TRUE,"ok",-30.335912707289,-3.92917475387502,-0.0884780852066487,-34.3535655463707,0.00799999999999912
"74","validation",NA,183,1,1,TRUE,"ok",-32.8016297849285,-3.38140227748816,-0.086809219747566,-36.2698412821642,0.0069999999999979
"74","validation",NA,184,1,1,TRUE,"ok",-33.1421624874181,-4.46599526451012,-0.201586855580864,-37.8097446075091,0.0069999999999979
"74","validation",NA,185,1,1,TRUE,"ok",-30.0623768001523,-11.6843433572134,-0.0356184549283192,-41.782338612294,0.00700000000000145
"74","validation",NA,186,1,1,TRUE,"ok",-32.0150960384347,-3.49509633046358,-0.150601512416211,-35.6607938813145,0.00700000000000145
"74","validation",NA,187,1,1,TRUE,"ok",-30.8136240184057,-2.96582983611265,-0.107645671678024,-33.8870995261963,0.0069999999999979
"74","validation",NA,188,1,1,TRUE,"ok",-30.2594198727893,-5.36493064640889,-0.0413590516562684,-35.6657095708544,0.00799999999999912
"74","validation",NA,189,1,1,TRUE,"ok",-31.3104817785776,-3.72825016986698,-0.0987357234271163,-35.1374676718717,0.0069999999999979
"74","validation",NA,190,1,1,TRUE,"ok",-32.5133401068286,-4.61834797258862,-0.0603670705533157,-37.1920551499706,0.00700000000000145
"74","validation",NA,191,1,1,TRUE,"ok",-33.0313104969161,-4.45416878928784,-0.145761689614729,-37.6312409758187,0.00700000000000145
"74","validation",NA,192,1,1,TRUE,"ok",-32.9660508262441,-1.98500715724348,-0.0578791140146254,-35.0089370975022,0.00799999999999912
"74","validation",NA,193,1,1,TRUE,"ok",-32.5315658633178,-3.86705590505674,-0.0830201678397228,-36.4816419362142,0.00800000000000267
"74","validation",NA,194,1,1,TRUE,"ok",-29.6861623712074,-7.04711411982221,-0.0840380501587509,-36.8173145411884,0.00700000000000145
"74","validation",NA,195,1,1,TRUE,"ok",-31.599540987053,-3.67636300568723,-0.0603827774857955,-35.336286770226,0.0069999999999979
"74","validation",NA,196,1,1,TRUE,"ok",-32.9340182232158,-3.60276307813225,-0.118399452380098,-36.6551807537281,0.0069999999999979
"74","validation",NA,197,1,1,TRUE,"ok",-31.4229874901627,-5.13462160885653,-0.0406954068092432,-36.5983045058285,0.00799999999999912
"74","validation",NA,198,1,1,TRUE,"ok",-31.2126104514964,-2.85559558932868,-0.0939507360557008,-34.1621567768808,0.00799999999999912
"74","validation",NA,199,1,1,TRUE,"ok",-33.5673292757144,-2.01464835631061,-0.101828759086609,-35.6838063911116,0.0069999999999979
"74","validation",NA,200,1,1,TRUE,"ok",-30.3935236521341,-3.89454053747137,-0.051291102686686,-34.3393552922922,0.00800000000000267
"74","validation",NA,201,1,1,TRUE,"ok",-33.6975793770322,-2.1046775298608,-0.0949319095880682,-35.897188816481,0.00600000000000023
"74","validation",NA,202,1,1,TRUE,"ok",-30.4289507207372,-5.94942697912383,-0.138735017954098,-36.5171127178151,0.00700000000000145
"74","validation",NA,203,1,1,TRUE,"ok",-33.828651023783,-4.07747898890687,-0.117894142816641,-38.0240241555065,0.00799999999999912
"74","validation",NA,204,1,1,TRUE,"ok",-34.9404729192889,-3.09442109064754,-0.156465798032208,-38.1913598079687,0.00799999999999912
"74","validation",NA,205,1,1,TRUE,"ok",-33.7654324290158,-5.41583567140822,-0.0763093777537038,-39.2575774781777,0.00799999999999912
"74","validation",NA,206,1,1,TRUE,"ok",-30.2178805773033,-5.49327129246019,-0.0984315861298495,-35.8095834558934,0.00800000000000267
"74","validation",NA,207,1,1,TRUE,"ok",-32.6893688712786,-3.87238045122152,-0.0472033496522617,-36.6089526721524,0.00799999999999912
"74","validation",NA,208,1,1,TRUE,"ok",-30.2249499923113,-8.11822649866637,-0.0238429584574907,-38.3670194494352,0.00700000000000145
"74","validation",NA,209,1,1,TRUE,"ok",-30.5580236314431,-3.67040991088094,-0.0760514335531067,-34.3044849758771,0.00799999999999912
"74","validation",NA,210,1,1,TRUE,"ok",-30.1264311585921,-3.0936943386356,-0.0709860056348705,-33.2911115028626,0.0069999999999979
"74","validation",NA,211,1,1,TRUE,"ok",-32.35758930844,-4.84454184437779,-0.0306463832480666,-37.2327775360659,0.0069999999999979
"74","validation",NA,212,1,1,TRUE,"ok",-30.7519556740851,-11.8254971422644,-0.0612603925899008,-42.6387132089393,0.00600000000000023
"74","validation",NA,213,1,1,TRUE,"ok",-30.3940082621522,-4.90878621778118,-0.0419102518788424,-35.3447047318123,0.00600000000000023
"74","validation",NA,214,1,1,TRUE,"ok",-32.2100121936707,-2.6254613748832,-0.197261460407804,-35.0327350289617,0.00799999999999912
"74","validation",NA,215,1,1,TRUE,"ok",-32.095300081233,-3.28465774616609,-0.0932049568690036,-35.4731627842681,0.00600000000000023
"74","validation",NA,216,1,1,TRUE,"ok",-30.3599627239964,-4.45249047252889,-0.138420810209722,-34.950874006735,0.00600000000000023
"74","validation",NA,217,1,1,TRUE,"ok",-32.7011996575209,-5.32328336447755,-0.0826277626146398,-38.1071107846131,0.00700000000000145
"74","validation",NA,218,1,1,TRUE,"ok",-30.2129225373463,-4.74103407025038,-0.123289273470997,-35.0772458810677,0.00600000000000023
"74","validation",NA,219,1,1,TRUE,"ok",-33.6878983261582,-2.02701141852756,-0.131603380155574,-35.8465131248414,0.00600000000000023
"74","validation",NA,220,1,1,TRUE,"ok",-34.1660572076307,-1.6709244481557,-0.141705833851443,-35.9786874896379,0.00700000000000145
"74","validation",NA,221,1,1,TRUE,"ok",-33.8696909975161,-7.69808096548544,-0.134776482828868,-41.7025484458304,0.00600000000000023
"74","validation",NA,222,1,1,TRUE,"ok",-31.315610745495,-3.70541923435406,-0.0513549529784782,-35.0723849328275,0.00600000000000023
"74","validation",NA,223,1,1,TRUE,"ok",-32.9673981477052,-5.69310419439451,-0.149669341378247,-38.810171683478,0.00600000000000023
"74","validation",NA,224,1,1,TRUE,"ok",-30.3370684117506,-3.39125139952026,-0.144302795360237,-33.8726226066311,0.00600000000000023
"74","validation",NA,225,1,1,TRUE,"ok",-30.6558970297141,-5.58535044027176,-0.0814323655762624,-36.3226798355621,0.00799999999999912
"74","validation",NA,226,1,1,TRUE,"ok",-29.6252414741013,-6.69522708490046,-0.104280727857984,-36.4247492868597,0.00600000000000023
"74","validation",NA,227,1,1,TRUE,"ok",-33.9827816059973,-4.24635626663011,-0.126804613747502,-38.3559424863749,0.00599999999999667
"74","validation",NA,228,1,1,TRUE,"ok",-31.4150609869457,-2.97901935802937,-0.160101482817238,-34.5541818277924,0.00600000000000023
"74","validation",NA,229,1,1,TRUE,"ok",-30.8133974480776,-5.72255384468031,-0.0694238674516715,-36.6053751602096,0.0069999999999979
"74","validation",NA,230,1,1,TRUE,"ok",-30.9959090136607,-3.64586376057457,-0.0904117731852444,-34.7321845474206,0.00800000000000267
"74","validation",NA,231,1,1,TRUE,"ok",-32.0366884023002,-4.55921647135662,-0.0450762682864966,-36.6409811419433,0.00600000000000023
"74","validation",NA,232,1,1,TRUE,"ok",-30.8548455149743,-3.45943633036341,-0.0693393260053293,-34.383621171343,0.0069999999999979
"74","validation",NA,233,1,1,TRUE,"ok",-32.8149225121132,-2.99415176168238,-0.0823308636713205,-35.8914051374669,0.00600000000000023
"74","validation",NA,234,1,1,TRUE,"ok",-30.4494059792519,-4.0304859691677,-0.0642980916884611,-34.544190040108,0.00700000000000145
"74","validation",NA,235,1,1,TRUE,"ok",-30.9067983187901,-6.81867674396267,-0.0443521540875654,-37.7698272168403,0.0069999999999979
"74","validation",NA,236,1,1,TRUE,"ok",-35.061087263926,-2.4781731629685,-0.110148011092605,-37.6494084379871,0.00799999999999912
"74","validation",NA,237,1,1,TRUE,"ok",-33.0973154040286,-2.28678755812368,-0.16440122001736,-35.5485041821697,0.00700000000000145
"74","validation",NA,238,1,1,TRUE,"ok",-31.7938480702146,-6.00415357331552,-0.0392208130674784,-37.8372224565976,0.00600000000000023
"74","validation",NA,239,1,1,TRUE,"ok",-30.8972199928813,-4.53784981065584,-0.122818126666205,-35.5578879302033,0.00600000000000023
"74","validation",NA,240,1,1,TRUE,"ok",-30.4381548427526,-4.59774278546586,-0.061633527255503,-35.097531155474,0.0069999999999979
"74","validation",NA,241,1,1,TRUE,"ok",-31.7805864044091,-5.98612755219825,-0.0388494073851186,-37.8055633639925,0.00799999999999912
"74","validation",NA,242,1,1,TRUE,"ok",-30.86490605855,-5.80930174601712,-0.0459613867827663,-36.7201691913499,0.00600000000000023
"74","validation",NA,243,1,1,TRUE,"ok",-30.4730750989627,-2.6604010405503,-0.121743179556534,-33.2552193190695,0.00600000000000023
"74","validation",NA,244,1,1,TRUE,"ok",-30.499901853548,-5.71775958840092,-0.113375525144033,-36.3310369670929,0.00600000000000023
"74","validation",NA,245,1,1,TRUE,"ok",-33.7364641137075,-7.94560614141825,-0.192394749222775,-41.8744650043486,0.00600000000000023
"74","validation",NA,246,1,1,TRUE,"ok",-31.5713695736713,-3.89995082770983,-0.0766242256035888,-35.5479446269847,0.00600000000000023
"74","validation",NA,247,1,1,TRUE,"ok",-30.9529582221261,-6.73349161557372,-0.0646344932709062,-37.7510843309708,0.0069999999999979
"74","validation",NA,248,1,1,TRUE,"ok",-29.774958568604,-5.31344649619618,-0.0796596048687152,-35.1680646696689,0.00700000000000145
"74","validation",NA,249,1,1,TRUE,"ok",-30.0991496074794,-5.92412145208352,-0.0690235803903893,-36.0922946399533,0.00700000000000145
"74","validation",NA,250,1,1,TRUE,"ok",-33.3406026938516,-4.04250976524218,-0.136969778921871,-37.5200822380157,0.00700000000000145
"74","validation",NA,251,1,1,TRUE,"ok",-32.5967828212151,-5.03466415343825,-0.0773284271093954,-37.7087754017628,0.00600000000000023
"74","validation",NA,252,1,1,TRUE,"ok",-32.2914339606437,-4.61819342743873,-0.0878854889767003,-36.9975128770591,0.00799999999999912
"74","validation",NA,253,1,1,TRUE,"ok",-33.0739769433009,-2.56793330296232,-0.0541833255939591,-35.6960935718572,0.0069999999999979
"74","validation",NA,254,1,1,TRUE,"ok",-32.5664377101469,-4.03170222094672,-0.260853530081286,-36.8589934611749,0.00700000000000145
"74","validation",NA,255,1,1,TRUE,"ok",-30.819200018135,-3.41867326061724,-0.0798768028072546,-34.3177500815595,0.00700000000000145
"74","validation",NA,256,1,1,TRUE,"ok",-30.4615442614214,-3.60092583244606,-0.0857502142058768,-34.1482203080733,0.0069999999999979
"74","validation",NA,257,1,1,TRUE,"ok",-38.2249564560221,-8.97697217280769,-0.0383857477519959,-47.2403143765818,0.00799999999999912
"74","validation",NA,258,1,1,TRUE,"ok",-33.0444619675654,-4.88808261848049,-0.0895004164275318,-38.0220450024734,0.00600000000000023
"74","validation",NA,259,1,1,TRUE,"ok",-34.8987927302855,-3.87822179680875,-0.0842367088330264,-38.8612512359273,0.00799999999999912
"74","validation",NA,260,1,1,TRUE,"ok",-31.8371403391189,-1.87296253669551,-0.0903177203560586,-33.8004205961704,0.0069999999999979
"74","validation",NA,261,1,1,TRUE,"ok",-32.7934711949229,-2.46437424872198,-0.140412479414506,-35.3982579230594,0.00700000000000145
"74","validation",NA,262,1,1,TRUE,"ok",-32.4495518292438,-2.89779448296025,-0.125625466558985,-35.4729717787631,0.00700000000000145
"74","validation",NA,263,1,1,TRUE,"ok",-31.6195835570751,-5.07682561094383,-0.0681052574491889,-36.7645144254682,0.00799999999999912
"74","validation",NA,264,1,1,TRUE,"ok",-31.2904676090276,-4.69345400959424,-0.03562388649185,-36.0195455051137,0.00599999999999667
"74","validation",NA,265,1,1,TRUE,"ok",-32.5370873732924,-4.16717750366104,-0.0871262070757527,-36.7913910840292,0.00700000000000145
"74","validation",NA,266,1,1,TRUE,"ok",-37.0634214584746,-6.42036942049718,-0.0588410028830608,-43.5426318818548,0.0069999999999979
"74","validation",NA,267,1,1,TRUE,"ok",-31.0654097503393,-3.9318061475434,-0.142030593943601,-35.1392464918263,0.00600000000000023
"74","validation",NA,268,1,1,TRUE,"ok",-31.5287898154964,-2.62612044496619,-0.0947130735807256,-34.2496233340434,0.00799999999999912
"74","validation",NA,269,1,1,TRUE,"ok",-32.2622729987561,-4.78598288710001,-0.0551815109840939,-37.1034373968402,0.00700000000000145
"74","validation",NA,270,1,1,TRUE,"ok",-33.8947909489434,-4.42810102921057,-0.0440730724341118,-38.3669650505881,0.00700000000000145
"74","validation",NA,271,1,1,TRUE,"ok",-31.8731830744951,-2.10689639350592,-0.121390157263734,-34.1014696252648,0.00600000000000023
"74","validation",NA,272,1,1,TRUE,"ok",-33.9422375801477,-4.28320026841333,-0.152286938778192,-38.3777247873392,0.00600000000000023
"74","validation",NA,273,1,1,TRUE,"ok",-32.0781894237633,-4.0166825171146,-0.123352798367896,-36.2182247392458,0.00800000000000267
"74","validation",NA,274,1,1,TRUE,"ok",-31.1921579659118,-6.71270184300258,-0.041775106180172,-37.9466349150946,0.00600000000000023
"74","validation",NA,275,1,1,TRUE,"ok",-32.1161123514057,-6.74514087137237,-0.0334998689990735,-38.8947530917772,0.00700000000000145
"74","validation",NA,276,1,1,TRUE,"ok",-31.0224663130248,-4.59232220400553,-0.112216762496331,-35.7270052795267,0.00700000000000145
"74","validation",NA,277,1,1,TRUE,"ok",-34.9608670967369,-1.72133034343616,-0.163903305290892,-36.846100745464,0.00700000000000145
"74","validation",NA,278,1,1,TRUE,"ok",-31.8950394812482,-6.6423375593031,-0.0219449114035912,-38.5593219519549,0.00900000000000034
"74","validation",NA,279,1,1,TRUE,"ok",-33.3525069292992,-4.93261973030901,-0.0990128477720842,-38.3841395073803,0.00700000000000145
"74","validation",NA,280,1,1,TRUE,"ok",-33.0571666789016,-7.7055256536167,-0.0247516260740306,-40.7874439585923,0.0069999999999979
"74","validation",NA,281,1,1,TRUE,"ok",-32.5422564748269,-2.71650024248612,-0.0777827469653454,-35.3365394642783,0.0069999999999979
"74","validation",NA,282,1,1,TRUE,"ok",-32.8154287034398,-7.57922205377561,-0.168392725602125,-40.5630434828176,0.00700000000000145
"74","validation",NA,283,1,1,TRUE,"ok",-32.5399612845735,-1.90515327740317,-0.0957224236618909,-34.5408369856385,0.00600000000000023
"74","validation",NA,284,1,1,TRUE,"ok",-32.3864787304627,-4.82252257291947,-0.032478017148573,-37.2414793205307,0.0069999999999979
"74","validation",NA,285,1,1,TRUE,"ok",-29.7402142781185,-4.28872457205315,-0.0665978342095756,-34.0955366843812,0.00700000000000145
"74","validation",NA,286,1,1,TRUE,"ok",-32.1352159881355,-3.0254568109727,-0.113023212247923,-35.2736960113561,0.0069999999999979
"74","validation",NA,287,1,1,TRUE,"ok",-30.3598286891717,-5.58943520354506,-0.137094724742959,-36.0863586174597,0.00700000000000145
"74","validation",NA,288,1,1,TRUE,"ok",-30.4004827329033,-4.6015580316881,-0.0406164692444789,-35.0426572338359,0.00700000000000145
"74","validation",NA,289,1,1,TRUE,"ok",-34.6211629565721,-8.21001639502015,-0.0806641040777459,-42.91184345567,0.00900000000000034
"74","validation",NA,290,1,1,TRUE,"ok",-32.134104898464,-6.77389357166965,-0.0484869822198982,-38.9564854523536,0.00600000000000023
"74","validation",NA,291,1,1,TRUE,"ok",-31.1402546288613,-2.81014702086394,-0.0926558121366057,-34.0430574618618,0.00799999999999912
"74","validation",NA,292,1,1,TRUE,"ok",-31.2243765388372,-5.63387150564995,-0.0790178438719746,-36.9372658883591,0.0069999999999979
"74","validation",NA,293,1,1,TRUE,"ok",-31.2949654518563,-3.49409565211294,-0.0500442009356251,-34.8391053049049,0.00799999999999912
"74","validation",NA,294,1,1,TRUE,"ok",-33.5850837486252,-3.19308786220191,-0.124958190701245,-36.9031298015284,0.00799999999999912
"74","validation",NA,295,1,1,TRUE,"ok",-32.1031282905408,-5.67589430039711,-0.0913816098732512,-37.8704042008112,0.0069999999999979
"74","validation",NA,296,1,1,TRUE,"ok",-31.8650957792578,-3.23345842690537,-0.124346571767737,-35.222900777931,0.00600000000000023
"74","validation",NA,297,1,1,TRUE,"ok",-30.2183966043451,-6.45341409313442,-0.0330075751195251,-36.7048182725991,0.00800000000000267
"74","validation",NA,298,1,1,TRUE,"ok",-34.3844137085122,-4.427121110427,-0.238458537597581,-39.0499933565368,0.00700000000000145
"74","validation",NA,299,1,1,TRUE,"ok",-36.5799947696902,-6.23578360986371,-0.0621868593252535,-42.8779652388792,0.00799999999999912
"74","validation",NA,300,1,1,TRUE,"ok",-30.3061589421429,-2.94009372366383,-0.106044093594983,-33.3522967594017,0.00799999999999912
"74","validation",NA,301,1,1,TRUE,"ok",-30.4049604865672,-5.52274745604097,-0.0777616571846619,-36.0054695997928,0.0069999999999979
"74","validation",NA,302,1,1,TRUE,"ok",-31.8211866012813,-3.48757366623293,-0.0751109883266165,-35.3838712558408,0.00799999999999912
"74","validation",NA,303,1,1,TRUE,"ok",-31.6816109655411,-2.32934169095715,-0.0827229549552781,-34.0936756114535,0.00700000000000145
"74","validation",NA,304,1,1,TRUE,"ok",-32.3368613771312,-4.39231061546772,-0.174152703892714,-36.9033246964917,0.00700000000000145
"74","validation",NA,305,1,1,TRUE,"ok",-31.6143086762357,-3.75737549231147,-0.137224293277414,-35.5089084618246,0.00799999999999912
"74","validation",NA,306,1,1,TRUE,"ok",-33.3961154011572,-4.72685621828814,-0.137439903284956,-38.2604115227303,0.0069999999999979
"74","validation",NA,307,1,1,TRUE,"ok",-31.9903240318269,-2.81128268856596,-0.100625122786231,-34.9022318431791,0.0069999999999979
"74","validation",NA,308,1,1,TRUE,"ok",-30.2255658700771,-4.36542433136233,-0.0738951881239996,-34.6648853895634,0.00700000000000145
"74","validation",NA,309,1,1,TRUE,"ok",-32.076918326891,-3.36373836697113,-0.113092353574515,-35.5537490474367,0.00700000000000145
"74","validation",NA,310,1,1,TRUE,"ok",-30.8132569217046,-3.83011401414926,-0.0825049048618963,-34.7258758407157,0.00899999999999679
"74","validation",NA,311,1,1,TRUE,"ok",-32.6547905735756,-2.41687217570324,-0.0943013732308271,-35.1659641225097,0.00700000000000145
"74","validation",NA,312,1,1,TRUE,"ok",-31.6131304778404,-3.10970902442735,-0.0981084097058074,-34.8209479119735,0.00700000000000145
"74","validation",NA,313,1,1,TRUE,"ok",-30.4454830925094,-3.46620107447053,-0.0882249314132508,-33.9999090983932,0.0069999999999979
"74","validation",NA,314,1,1,TRUE,"ok",-31.728492526636,-2.27716147805622,-0.0890293487236378,-34.0946833534158,0.0069999999999979
"74","validation",NA,315,1,1,TRUE,"ok",-34.7650912740959,-2.02189546223519,-0.178641615421064,-36.9656283517522,0.00700000000000145
"74","validation",NA,316,1,1,TRUE,"ok",-30.6403654895617,-7.4057153940182,-0.107560606021336,-38.1536414896013,0.00800000000000267
"74","validation",NA,317,1,1,TRUE,"ok",-31.5351749158153,-4.26095335115876,-0.156721013618057,-35.9528492805921,0.00700000000000145
"74","validation",NA,318,1,1,TRUE,"ok",-32.2482847879149,-4.7115435966427,-0.129481899318496,-37.0893102838761,0.0069999999999979
"74","validation",NA,319,1,1,TRUE,"ok",-32.8148813030998,-6.52599517554169,-0.146737694985945,-39.4876141736274,0.0069999999999979
"74","validation",NA,320,1,1,TRUE,"ok",-30.2242288139147,-4.3686484285002,-0.0677175909597194,-34.6605948333746,0.00700000000000145
"74","validation",NA,321,1,1,TRUE,"ok",-32.3442928151326,-4.61330360123958,-0.068959321630731,-37.0265557380029,0.00900000000000034
"74","validation",NA,322,1,1,TRUE,"ok",-37.0125342211618,-4.89746311332727,-0.0789474528849538,-41.988944787374,0.00600000000000023
"74","validation",NA,323,1,1,TRUE,"ok",-31.761740518669,-2.94831757403598,-0.0835686492237771,-34.7936267419288,0.00800000000000267
"74","validation",NA,324,1,1,TRUE,"ok",-30.0634631395697,-6.52124376595035,-0.0548425034912622,-36.6395494090113,0.00700000000000145
"74","validation",NA,325,1,1,TRUE,"ok",-31.1159738004604,-2.90133005742269,-0.059877338283335,-34.0771811961665,0.0069999999999979
"74","validation",NA,326,1,1,TRUE,"ok",-31.9741552731297,-5.50695123212518,-0.0390435226871942,-37.5201500279421,0.0109999999999992
"74","validation",NA,327,1,1,TRUE,"ok",-30.8122988073426,-2.94045609572672,-0.0659034196527598,-33.8186583227221,0.00600000000000023
"74","validation",NA,328,1,1,TRUE,"ok",-31.8369277696915,-2.61785617583718,-0.0823213254158547,-34.5371052709446,0.00700000000000145
"74","validation",NA,329,1,1,TRUE,"ok",-33.3702547615769,-2.93241377292812,-0.0878542319928099,-36.3905227664979,0.0069999999999979
"74","validation",NA,330,1,1,TRUE,"ok",-33.182212935921,-8.95490993826929,-0.343483406403227,-42.4806062805935,0.00799999999999912
"74","validation",NA,331,1,1,TRUE,"ok",-32.2267712861705,-3.54299271397648,-0.128261553061389,-35.8980255532084,0.00799999999999912
"74","validation",NA,332,1,1,TRUE,"ok",-33.226015696048,-4.57999167322399,-0.0484395792257924,-37.8544469484978,0.00900000000000034
"74","validation",NA,333,1,1,TRUE,"ok",-30.9808746875536,-2.48375968029426,-0.0980660398748739,-33.5627004077228,0.00599999999999667
"74","validation",NA,334,1,1,TRUE,"ok",-32.1556318377348,-2.28165338080593,-0.0598099724614274,-34.4970951910021,0.00700000000000145
"74","validation",NA,335,1,1,TRUE,"ok",-31.6298993306339,-4.5171129217565,-0.0835647353634783,-36.2305769877539,0.00700000000000145
"74","validation",NA,336,1,1,TRUE,"ok",-30.2104393117741,-3.54102228650145,-0.0948340883201599,-33.8462956865957,0.00799999999999912
"74","validation",NA,337,1,1,TRUE,"ok",-32.913018197689,-2.50787502493516,-0.0772288808334596,-35.4981221034577,0.00899999999999679
"74","validation",NA,338,1,1,TRUE,"ok",-32.1298028327377,-2.6291851598607,-0.187977985969356,-34.9469659785677,0.00700000000000145
"74","validation",NA,339,1,1,TRUE,"ok",-31.951058242115,-2.99577819819902,-0.133128017926494,-35.0799644582405,0.00700000000000145
"74","validation",NA,340,1,1,TRUE,"ok",-30.6894146497761,-5.56773563316118,-0.123433780982663,-36.38058406392,0.0069999999999979
"74","validation",NA,341,1,1,TRUE,"ok",-29.3262732605441,-5.2922036979329,-0.0920742399755471,-34.7105511984525,0.0069999999999979
"74","validation",NA,342,1,1,TRUE,"ok",-29.5819395358977,-4.76191309108999,-0.0467751673135956,-34.3906277943013,0.00900000000000034
"74","validation",NA,343,1,1,TRUE,"ok",-33.1497991976508,-4.4706194690325,-0.114132213602197,-37.7345508802855,0.0069999999999979
"74","validation",NA,344,1,1,TRUE,"ok",-31.4690726955258,-2.9387428298446,-0.100042853999762,-34.5078583793701,0.00799999999999912
"74","validation",NA,345,1,1,TRUE,"ok",-31.1970046443775,-3.07294604005237,-0.0881634455815817,-34.3581141300114,0.00700000000000145
"74","validation",NA,346,1,1,TRUE,"ok",-29.6770976424324,-4.35867156539278,-0.0833404437806713,-34.1191096516058,0.00700000000000145
"74","validation",NA,347,1,1,TRUE,"ok",-30.1809051730003,-8.75181177988614,-0.0423398218756027,-38.9750567747621,0.0069999999999979
"74","validation",NA,348,1,1,TRUE,"ok",-33.5640520010869,-3.66418188115211,-0.0826901843495739,-37.3109240665886,0.00799999999999912
"74","validation",NA,349,1,1,TRUE,"ok",-31.9615115178354,-4.90854592471384,-0.095180749906293,-36.9652381924555,0.0069999999999979
"74","validation",NA,350,1,1,TRUE,"ok",-31.217428650722,-4.47042143361437,-0.109930546261873,-35.7977806305983,0.00700000000000145
"74","validation",NA,351,1,1,TRUE,"ok",-30.9955290001734,-4.47661372829738,-0.115326390273658,-35.5874691187445,0.00700000000000145
"74","validation",NA,352,1,1,TRUE,"ok",-30.3184358424564,-13.2204620952275,-0.0800914669507581,-43.6189894046346,0.00599999999999667
"74","validation",NA,353,1,1,TRUE,"ok",-31.2465239970702,-5.20537391415833,-0.0416335876860451,-36.4935314989145,0.00900000000000034
"74","validation",NA,354,1,1,TRUE,"ok",-33.389282685548,-3.88366047859708,-0.0915426932956273,-37.3644858574407,0.00799999999999912
"74","validation",NA,355,1,1,TRUE,"ok",-32.44160739015,-1.88623510145251,-0.127057221093057,-34.4548997126955,0.0069999999999979
"74","validation",NA,356,1,1,TRUE,"ok",-33.7446557068308,-6.75109951338324,-0.0460547502290037,-40.541809970443,0.00799999999999912
"74","validation",NA,357,1,1,TRUE,"ok",-30.1410758566814,-5.40533759749774,-0.0541507250892631,-35.6005641792684,0.00600000000000023
"74","validation",NA,358,1,1,TRUE,"ok",-29.7016414474206,-4.47228298642315,-0.106371162775851,-34.2802955966196,0.00799999999999912
"74","validation",NA,359,1,1,TRUE,"ok",-30.668913383079,-6.85652225633858,-0.0696685716926138,-37.5951042111102,0.00599999999999667
"74","validation",NA,360,1,1,TRUE,"ok",-30.3775947740421,-5.46036560871815,-0.0520302717564183,-35.8899906545167,0.00700000000000145
"74","validation",NA,361,1,1,TRUE,"ok",-30.2248830172364,-7.06027490601624,-0.100536373573173,-37.3856942968259,0.00600000000000023
"74","validation",NA,362,1,1,TRUE,"ok",-30.002347616052,-3.61439053160653,-0.082512686701379,-33.69925083436,0.00700000000000145
"74","validation",NA,363,1,1,TRUE,"ok",-33.2831552870724,-8.00249533510227,-0.0188746865893421,-41.304525308764,0.0069999999999979
"74","validation",NA,364,1,1,TRUE,"ok",-30.6156448785851,-5.7922102591347,-0.121246544052325,-36.5291016817722,0.00799999999999912
"74","validation",NA,365,1,1,TRUE,"ok",-32.441756770776,-3.82309846773888,-0.0929457633142103,-36.3578010018291,0.0069999999999979
"74","validation",NA,366,1,1,TRUE,"ok",-32.0439644436563,-1.81486395923012,-0.142801301303241,-34.0016297041896,0.00700000000000145
"74","validation",NA,367,1,1,TRUE,"ok",-34.1729817905663,-3.33232069979355,-0.0437867638596182,-37.5490892542194,0.00600000000000023
"74","validation",NA,368,1,1,TRUE,"ok",-30.9284344164973,-4.58851684204231,-0.0720950519782843,-35.5890463105179,0.0069999999999979
"74","validation",NA,369,1,1,TRUE,"ok",-31.0061984310619,-5.35706757841705,-0.0749519008695737,-36.4382179103485,0.00900000000000034
"74","validation",NA,370,1,1,TRUE,"ok",-33.3786605264198,-3.85397274286983,-0.126111873335475,-37.3587451426251,0.00600000000000023
"74","validation",NA,371,1,1,TRUE,"ok",-31.2475018394727,-4.07099666465257,-0.0824537559195655,-35.4009522600448,0.00700000000000145
"74","validation",NA,372,1,1,TRUE,"ok",-30.2163872536732,-5.91687764207928,-0.0702425719147121,-36.2035074676672,0.00600000000000023
"74","validation",NA,373,1,1,TRUE,"ok",-30.2939782527588,-4.40495774509399,-0.113233136887272,-34.81216913474,0.00600000000000023
"74","validation",NA,374,1,1,TRUE,"ok",-33.6650966574556,-3.02394614784544,-0.170924658413918,-36.859967463715,0.0069999999999979
"74","validation",NA,375,1,1,TRUE,"ok",-33.7241788477642,-3.69228804295607,-0.158399506107938,-37.5748663968283,0.00700000000000145
"74","validation",NA,376,1,1,TRUE,"ok",-32.1703921800305,-5.06742370397431,-0.05118206983177,-37.2889979538366,0.00600000000000023
"74","validation",NA,377,1,1,TRUE,"ok",-32.5881739450813,-4.64220933056534,-0.0481617069163761,-37.278544982563,0.0069999999999979
"74","validation",NA,378,1,1,TRUE,"ok",-30.7170565696614,-5.13801975448886,-0.0767240164412941,-35.9318003405916,0.00700000000000145
"74","validation",NA,379,1,1,TRUE,"ok",-33.3088930695486,-4.30940897565908,-0.0576642982531452,-37.6759663434608,0.00600000000000023
"74","validation",NA,380,1,1,TRUE,"ok",-31.1036286126187,-4.80992940839637,-0.0293063745602497,-35.9428643955753,0.00700000000000145
"74","validation",NA,381,1,1,TRUE,"ok",-33.5300602392737,-2.80653016449615,-0.0625521810584927,-36.3991425848283,0.00600000000000023
"74","validation",NA,382,1,1,TRUE,"ok",-33.8134753504809,-5.31494002168585,-0.10637612375436,-39.2347914959211,0.00600000000000023
"74","validation",NA,383,1,1,TRUE,"ok",-31.8045817292952,-5.24148621632505,-0.0473953061869183,-37.0934632518072,0.0069999999999979
"74","validation",NA,384,1,1,TRUE,"ok",-33.1705256203355,-2.23882144040367,-0.169578127613735,-35.5789251883529,0.00600000000000023
"74","validation",NA,385,1,1,TRUE,"ok",-31.7017206031547,-1.87016466021133,-0.127300097789387,-33.6991853611554,0.00800000000000267
"74","validation",NA,386,1,1,TRUE,"ok",-36.0850484944024,-1.7289749172602,-0.0736802745295447,-37.8877036861921,0.0069999999999979
"74","validation",NA,387,1,1,TRUE,"ok",-32.8923792138313,-4.20459209061438,-0.154661477976152,-37.2516327824218,0.00700000000000145
"74","validation",NA,388,1,1,TRUE,"ok",-32.7073361285197,-5.43693000069905,-0.0506833181798255,-38.1949494473986,0.00599999999999667
"74","validation",NA,389,1,1,TRUE,"ok",-30.6376318039934,-2.28671450317482,-0.0622873908258116,-32.9866336979941,0.00700000000000145
"74","validation",NA,390,1,1,TRUE,"ok",-31.3113307741448,-3.18502496675879,-0.0650063311547796,-34.5613620720583,0.00800000000000267
"74","validation",NA,391,1,1,TRUE,"ok",-32.9669708600145,-6.11015562140823,-0.187311440417001,-39.2644379218397,0.0069999999999979
"74","validation",NA,392,1,1,TRUE,"ok",-34.3056900928004,-2.40072392804476,-0.0520065039439387,-36.758420524789,0.0069999999999979
"74","validation",NA,393,1,1,TRUE,"ok",-30.3355035545255,-6.15976458973893,-0.0530657394939672,-36.5483338837584,0.00700000000000145
"74","validation",NA,394,1,1,TRUE,"ok",-31.7777218057364,-4.32126613536412,-0.04526472513586,-36.1442526662364,0.00600000000000023
"74","validation",NA,395,1,1,TRUE,"ok",-30.0398677716029,-5.53961301508618,-0.0826511792374848,-35.6621319659266,0.00700000000000145
"74","validation",NA,396,1,1,TRUE,"ok",-33.5110154170065,-2.88284583180261,-0.0556164069030522,-36.4494776557122,0.00799999999999912
"74","validation",NA,397,1,1,TRUE,"ok",-31.3303465091698,-6.5743144045716,-0.0571260742850857,-37.9617869880265,0.00600000000000023
"74","validation",NA,398,1,1,TRUE,"ok",-32.855340749874,-3.16574586918127,-0.0932357520054873,-36.1143223710608,0.00700000000000145
"74","validation",NA,399,1,1,TRUE,"ok",-34.629368496317,-3.54894795828433,-0.0594017474053358,-38.2377182020066,0.0069999999999979
"74","validation",NA,400,1,1,TRUE,"ok",-30.0407160374532,-8.9976972044721,-0.0611326758555141,-39.0995459177808,0.00700000000000145
"74","validation",NA,401,1,1,TRUE,"ok",-32.8381942561493,-3.92060955908028,-0.197258328235929,-36.9560621434655,0.00700000000000145
"74","validation",NA,402,1,1,TRUE,"ok",-32.206424483641,-3.6884884406627,-0.0551368421431927,-35.9500497664469,0.00600000000000023
"74","validation",NA,403,1,1,TRUE,"ok",-33.2439183288777,-2.30457732217579,-0.157338028938147,-35.7058336799917,0.00600000000000023
"74","validation",NA,404,1,1,TRUE,"ok",-32.5649484997917,-4.09264571946803,-0.189912012852277,-36.847506232112,0.0069999999999979
"74","validation",NA,405,1,1,TRUE,"ok",-31.4865405215495,-9.14009963293544,-0.0476241811309539,-40.6742643356159,0.00700000000000145
"74","validation",NA,406,1,1,TRUE,"ok",-31.0551808300947,-4.49248593356406,-0.0818176813510041,-35.6294844450098,0.00700000000000145
"74","validation",NA,407,1,1,TRUE,"ok",-31.1798416258255,-2.5900299720835,-0.107775975368276,-33.8776475732773,0.00600000000000023
"74","validation",NA,408,1,1,TRUE,"ok",-31.9777374208061,-4.13846198711284,-0.105497394444273,-36.2216968023632,0.00600000000000023
"74","validation",NA,409,1,1,TRUE,"ok",-31.8097672290813,-5.22078724049549,-0.0784265969524332,-37.1089810665292,0.00600000000000023
"74","validation",NA,410,1,1,TRUE,"ok",-31.4133063034506,-2.9407932524813,-0.0511353554030815,-34.405234911335,0.00700000000000145
"74","validation",NA,411,1,1,TRUE,"ok",-32.9310542575827,-3.17953538020674,-0.0927162802037001,-36.2033059179932,0.0069999999999979
"74","validation",NA,412,1,1,TRUE,"ok",-32.6878861690275,-1.99781640577129,-0.210378439555825,-34.8960810143546,0.00600000000000023
"74","validation",NA,413,1,1,TRUE,"ok",-29.5452172549775,-5.88333635164713,-0.082002554549596,-35.5105561611742,0.0069999999999979
"74","validation",NA,414,1,1,TRUE,"ok",-31.9794904099384,-3.41016192467381,-0.146063067527776,-35.53571540214,0.00600000000000023
"74","validation",NA,415,1,1,TRUE,"ok",-32.104807414185,-1.86398622092268,-0.133856509442748,-34.1026501445504,0.00700000000000145
"74","validation",NA,416,1,1,TRUE,"ok",-30.9794747167481,-4.47498198081445,-0.0621537298521243,-35.5166104274147,0.00799999999999912
"74","validation",NA,417,1,1,TRUE,"ok",-31.3789228289047,-6.35177666619324,-0.14172828925945,-37.8724277843574,0.00599999999999667
"74","validation",NA,418,1,1,TRUE,"ok",-32.8114526174675,-3.03497912896126,-0.134209478773152,-35.9806412252019,0.00600000000000023
"74","validation",NA,419,1,1,TRUE,"ok",-30.7481170000863,-5.89839303912832,-0.0337802388384299,-36.680290278053,0.00600000000000023
"74","validation",NA,420,1,1,TRUE,"ok",-32.7937514539233,-1.7503519863589,-0.0704199567185241,-34.6145233970008,0.00700000000000145
"74","validation",NA,421,1,1,TRUE,"ok",-33.5822295876369,-3.95159472684677,-0.122953905745123,-37.6567782202288,0.00700000000000145
"74","validation",NA,422,1,1,TRUE,"ok",-32.8251289857352,-3.68083729505262,-0.0632473120382771,-36.5692135928261,0.00799999999999912
"74","validation",NA,423,1,1,TRUE,"ok",-31.4588814271598,-3.3830551382139,-0.0913057273597652,-34.9332422927335,0.00800000000000267
"74","validation",NA,424,1,1,TRUE,"ok",-32.0049114149535,-2.60474161692065,-0.0812116135048025,-34.690864645379,0.0069999999999979
"74","validation",NA,425,1,1,TRUE,"ok",-30.8068976966164,-6.40498757803625,-0.148495452280918,-37.3603807269336,0.0069999999999979
"74","validation",NA,426,1,1,TRUE,"ok",-31.679368603866,-3.55318520351119,-0.10351210271714,-35.3360659100943,0.00700000000000145
"74","validation",NA,427,1,1,TRUE,"ok",-31.5850920961234,-7.15344619855069,-0.0360177830744004,-38.7745560777485,0.00800000000000267
"74","validation",NA,428,1,1,TRUE,"ok",-31.6668631602495,-3.67711856811779,-0.0670488867162786,-35.4110306150836,0.00700000000000145
"74","validation",NA,429,1,1,TRUE,"ok",-31.3108361397344,-6.53651152447326,-0.0498514407314218,-37.8971991049391,0.0069999999999979
"74","validation",NA,430,1,1,TRUE,"ok",-31.5497151354521,-3.06988861875854,-0.0848904362822792,-34.7044941904929,0.0069999999999979
"74","validation",NA,431,1,1,TRUE,"ok",-32.4766029502587,-3.57360009109882,-0.0360103889287799,-36.0862134302863,0.00700000000000145
"74","validation",NA,432,1,1,TRUE,"ok",-30.6326022286684,-3.09773260695306,-0.0863676447019923,-33.8167024803235,0.00900000000000034
"74","validation",NA,433,1,1,TRUE,"ok",-31.4819679551795,-2.41251235588008,-0.109734141939722,-34.0042144529993,0.0069999999999979
"74","validation",NA,434,1,1,TRUE,"ok",-31.2977211311386,-7.17539750068429,-0.118392579477998,-38.5915112113008,0.00800000000000267
"74","validation",NA,435,1,1,TRUE,"ok",-32.138783837676,-5.29206489242343,-0.281551397524406,-37.7124001276239,0.00700000000000145
"74","validation",NA,436,1,1,TRUE,"ok",-33.7815652861133,-3.23801492935873,-0.092832215986322,-37.1124124314584,0.0069999999999979
"74","validation",NA,437,1,1,TRUE,"ok",-31.4838287237717,-6.11748202961573,-0.0354362054586031,-37.636746958846,0.0069999999999979
"74","validation",NA,438,1,1,TRUE,"ok",-30.6065970208428,-4.07853513205384,-0.106549385174084,-34.7916815380707,0.0100000000000016
"74","validation",NA,439,1,1,TRUE,"ok",-31.9802734793931,-3.44131955384615,-0.0995177353494182,-35.5211107685887,0.0069999999999979
"74","validation",NA,440,1,1,TRUE,"ok",-33.4971733405026,-7.69349624776581,-0.0810859176128303,-41.2717555058812,0.00799999999999912
"74","validation",NA,441,1,1,TRUE,"ok",-32.3520278881614,-5.01402327884967,-0.145191376152469,-37.5112425431635,0.0069999999999979
"74","validation",NA,442,1,1,TRUE,"ok",-32.2360317151338,-6.0720481437305,-0.118800875847095,-38.4268807347114,0.00700000000000145
"74","validation",NA,443,1,1,TRUE,"ok",-32.1913572967199,-6.28019754208431,-0.079569078355254,-38.5511239171594,0.00800000000000267
"74","validation",NA,444,1,1,TRUE,"ok",-31.2347918116083,-3.51325809857657,-0.0702526874081712,-34.818302597593,0.00600000000000023
"74","validation",NA,445,1,1,TRUE,"ok",-30.6029327861195,-7.13758128522958,-0.0682786138208371,-37.80879268517,0.0069999999999979
"74","validation",NA,446,1,1,TRUE,"ok",-31.7821877877233,-4.47975827873449,-0.0567583084926943,-36.3187043749505,0.00700000000000145
"74","validation",NA,447,1,1,TRUE,"ok",-30.5107476810648,-9.24995230119943,-0.215131130817862,-39.9758311130821,0.00800000000000267
"74","validation",NA,448,1,1,TRUE,"ok",-32.7463582365803,-3.09172494144748,-0.117857339089642,-35.9559405171174,0.00900000000000034
"74","validation",NA,449,1,1,TRUE,"ok",-30.7869954542587,-9.03272720573401,-0.0683035852661283,-39.8880262452588,0.0069999999999979
"74","validation",NA,450,1,1,TRUE,"ok",-33.4524855728094,-5.13636784200971,-0.186671967621212,-38.7755253824403,0.00600000000000023
"74","validation",NA,451,1,1,TRUE,"ok",-30.3941610967802,-6.49042521153851,-0.129544994238582,-37.0141313025572,0.00799999999999912
"74","validation",NA,452,1,1,TRUE,"ok",-30.9153345432098,-4.83411550961368,-0.0724218465311495,-35.8218718993546,0.0069999999999979
"74","validation",NA,453,1,1,TRUE,"ok",-31.2746354950309,-4.23994781986852,-0.123128816055681,-35.6377121309551,0.00900000000000034
"74","validation",NA,454,1,1,TRUE,"ok",-31.8695829812365,-2.87386073121422,-0.106412558450374,-34.8498562709011,0.00700000000000145
"74","validation",NA,455,1,1,TRUE,"ok",-35.4075988546812,-3.72137595071903,-0.145369536478425,-39.2743443418787,0.00799999999999912
"74","validation",NA,456,1,1,TRUE,"ok",-33.9483086651564,-4.99217538444188,-0.0951757319724917,-39.0356597815708,0.0069999999999979
"74","validation",NA,457,1,1,TRUE,"ok",-30.8076803778226,-3.41482410586874,-0.164608837280826,-34.3871133209722,0.00700000000000145
"74","validation",NA,458,1,1,TRUE,"ok",-33.1222889785736,-4.94797773565132,-0.0577149032591694,-38.1279816174841,0.00700000000000145
"74","validation",NA,459,1,1,TRUE,"ok",-32.113242506628,-3.83333859271887,-0.0982310478663897,-36.0448121472132,0.00799999999999912
"74","validation",NA,460,1,1,TRUE,"ok",-30.8514727408981,-6.44391264643692,-0.0841009336384357,-37.3794863209735,0.00800000000000267
"74","validation",NA,461,1,1,TRUE,"ok",-30.8591321313594,-2.90231845320484,-0.0897987971202623,-33.8512493816845,0.00700000000000145
"74","validation",NA,462,1,1,TRUE,"ok",-29.2515843400625,-5.50589035231785,-0.0863955141128562,-34.8438702064932,0.00700000000000145
"74","validation",NA,463,1,1,TRUE,"ok",-31.6352231460029,-4.25863518835911,-0.086405688438756,-35.9802640228008,0.0069999999999979
"74","validation",NA,464,1,1,TRUE,"ok",-32.0812989815747,-4.08298229742612,-0.123475804593684,-36.2877570835945,0.00799999999999912
"74","validation",NA,465,1,1,TRUE,"ok",-32.4812381871888,-2.9602315631473,-0.0836861871324654,-35.5251559374685,0.00700000000000145
"74","validation",NA,466,1,1,TRUE,"ok",-31.8384247344865,-4.26603720919749,-0.204346031613635,-36.3088079752976,0.0069999999999979
"74","validation",NA,467,1,1,TRUE,"ok",-33.2192139447847,-4.5600113268719,-0.128815140723125,-37.9080404123797,0.00600000000000023
"74","validation",NA,468,1,1,TRUE,"ok",-31.94783306691,-5.28958732128883,-0.0637902879235498,-37.3012106761223,0.00600000000000023
"74","validation",NA,469,1,1,TRUE,"ok",-34.6517571312968,-4.84316142833335,-0.128457798671465,-39.6233763583016,0.00799999999999912
"74","validation",NA,470,1,1,TRUE,"ok",-32.7573847484738,-5.4967082522057,-0.287876646971765,-38.5419696476512,0.00600000000000023
"74","validation",NA,471,1,1,TRUE,"ok",-31.5393641524969,-3.37146842598329,-0.141177104580896,-35.0520096830611,0.00599999999999667
"74","validation",NA,472,1,1,TRUE,"ok",-31.2360337079562,-4.16907205926328,-0.0794771851243287,-35.4845829523438,0.00600000000000023
"74","validation",NA,473,1,1,TRUE,"ok",-30.9670592599779,-4.51541582940373,-0.111269483065742,-35.5937445724474,0.0069999999999979
"74","validation",NA,474,1,1,TRUE,"ok",-32.0015852721267,-2.69285692761821,-0.0845478198080758,-34.778990019553,0.00600000000000023
"74","validation",NA,475,1,1,TRUE,"ok",-31.1938682570231,-5.51787646169217,-0.0709034825276932,-36.782648201243,0.00799999999999912
"74","validation",NA,476,1,1,TRUE,"ok",-33.1797537605284,-10.0992225165965,-0.136196302109884,-43.4151725792348,0.00600000000000023
"74","validation",NA,477,1,1,TRUE,"ok",-31.864160087359,-4.66846418309806,-0.157648755433278,-36.6902730258904,0.00700000000000145
"74","validation",NA,478,1,1,TRUE,"ok",-30.8098576834903,-5.30049494011512,-0.082332448044798,-36.1926850716502,0.00700000000000145
"74","validation",NA,479,1,1,TRUE,"ok",-32.4531950381498,-5.16246644775151,-0.0527152129185072,-37.6683766988198,0.00899999999999679
"74","validation",NA,480,1,1,TRUE,"ok",-30.8409396169268,-8.41396447702507,-0.0946248384729438,-39.3495289324248,0.00799999999999912
"74","validation",NA,481,1,1,TRUE,"ok",-32.272824949772,-3.84721182190866,-0.157286286470067,-36.2773230581507,0.00700000000000145
"74","validation",NA,482,1,1,TRUE,"ok",-30.8456726917092,-6.32236372500531,-0.033686659299209,-37.2017230760137,0.00700000000000145
"74","validation",NA,483,1,1,TRUE,"ok",-30.1532742807129,-4.52469666276803,-0.0905837556897262,-34.7685546991707,0.00799999999999912
"74","validation",NA,484,1,1,TRUE,"ok",-31.3628299648827,-5.44298455165798,-0.0461856861923147,-36.852000202733,0.00800000000000267
"74","validation",NA,485,1,1,TRUE,"ok",-35.2118288001624,-2.37614892742481,-0.159946772285215,-37.7479244998725,0.00800000000000267
"74","validation",NA,486,1,1,TRUE,"ok",-33.0004551855938,-2.47531718792637,-0.0474154397673391,-35.5231878132875,0.00700000000000145
"74","validation",NA,487,1,1,TRUE,"ok",-33.9044761793014,-5.21130546455571,-0.0670374575141264,-39.1828191013712,0.00700000000000145
"74","validation",NA,488,1,1,TRUE,"ok",-28.8576643348767,-9.17430377484174,-0.0379775533652613,-38.0699456630837,0.0069999999999979
"74","validation",NA,489,1,1,TRUE,"ok",-31.0137375447133,-3.15755117230898,-0.0578878946445524,-34.2291766116669,0.00700000000000145
"74","validation",NA,490,1,1,TRUE,"ok",-31.6427813675256,-2.68791371022036,-0.107631490806984,-34.4383265685529,0.00600000000000023
"74","validation",NA,491,1,1,TRUE,"ok",-30.9059994340036,-5.21875181493486,-0.0392896020295048,-36.164040850968,0.00900000000000034
"74","validation",NA,492,1,1,TRUE,"ok",-32.3832309579753,-3.97993185753622,-0.117392231840549,-36.480555047352,0.00700000000000145
"74","validation",NA,493,1,1,TRUE,"ok",-31.0311704547958,-5.94570642691378,-0.0572264943529336,-37.0341033760625,0.0069999999999979
"74","validation",NA,494,1,1,TRUE,"ok",-30.1008838767113,-6.54277304853284,-0.052505304493662,-36.6961622297378,0.00600000000000023
"74","validation",NA,495,1,1,TRUE,"ok",-33.1858697216144,-6.85068209552383,-0.0645795627898096,-40.1011313799281,0.00700000000000145
"74","validation",NA,496,1,1,TRUE,"ok",-32.2294614254984,-2.58744282846629,-0.0971895283373311,-34.914093782302,0.00799999999999912
"74","validation",NA,497,1,1,TRUE,"ok",-30.234587233515,-5.34420406047499,-0.174682057835324,-35.7534733518253,0.00600000000000023
"74","validation",NA,498,1,1,TRUE,"ok",-30.3629385895757,-7.69184967902291,-0.137089542507205,-38.1918778111058,0.00700000000000145
"74","validation",NA,499,1,1,TRUE,"ok",-30.5504236809551,-3.34593315034763,-0.106397647383705,-34.0027544786864,0.00600000000000023
"74","validation",NA,500,1,1,TRUE,"ok",-33.140051625272,-1.97083485514649,-0.122997141132065,-35.2338836215506,0.00700000000000145
"74","validation",NA,501,1,1,TRUE,"ok",-30.6993820927689,-4.58617111802005,-0.106757919346828,-35.3923111301358,0.00700000000000145
"74","validation",NA,502,1,1,TRUE,"ok",-31.9980605152662,-4.25508086577251,-0.0677513758030841,-36.3208927568418,0.00700000000000145
"74","validation",NA,503,1,1,TRUE,"ok",-29.5946092564908,-4.16513651013353,-0.0930691647407723,-33.8528149313651,0.00700000000000145
"74","validation",NA,504,1,1,TRUE,"ok",-31.6375574258993,-2.39697869048495,-0.0453634329491901,-34.0798995493335,0.0069999999999979
"74","validation",NA,505,1,1,TRUE,"ok",-33.9884847256675,-3.27855834381982,-0.0623323039413093,-37.3293753734287,0.00700000000000145
"74","validation",NA,506,1,1,TRUE,"ok",-30.5222134023236,-8.25661926629142,-0.0580475070692527,-38.8368801756842,0.00700000000000145
"74","validation",NA,507,1,1,TRUE,"ok",-30.1546265889412,-5.02770328493509,-0.0683089599923982,-35.2506388338686,0.00800000000000267
"74","validation",NA,508,1,1,TRUE,"ok",-31.3697581459809,-4.48672735925882,-0.0922723785232083,-35.9487578837629,0.00700000000000145
"74","validation",NA,509,1,1,TRUE,"ok",-30.3261504535518,-4.23707789393088,-0.0738260129550664,-34.6370543604377,0.0069999999999979
"74","validation",NA,510,1,1,TRUE,"ok",-29.9713625847753,-5.03004401488012,-0.0884321459895949,-35.089838745645,0.00600000000000023
"74","validation",NA,511,1,1,TRUE,"ok",-29.9354259501423,-4.64958657889635,-0.113484396793943,-34.6984969258326,0.00600000000000023
"74","validation",NA,512,1,1,TRUE,"ok",-31.4296507084963,-4.86978075071926,-0.0331027734836139,-36.3325342326992,0.00900000000000034
"122","probe",0.5,1,1,1,TRUE,"ok",-40.4419468084451,-2.78144363650532,-0.0227329348045958,-43.246123379755,0.0150000000000006
"122","probe",0.5,2,1,1,TRUE,"ok",-38.8961847210334,-7.84059283343048,-0.00588446266155186,-46.7426620171254,0.0159999999999982
"122","probe",0.5,3,1,1,TRUE,"ok",-42.1684847691264,-4.87454837193588,-0.0227329348045958,-47.0657660758669,0.0139999999999993
"122","probe",0.5,4,1,1,TRUE,"ok",-40.5672509742938,-6.26201363422332,-0.0227329348045958,-46.8519975433217,0.0120000000000005
"122","probe",0.5,5,1,1,TRUE,"ok",-40.8918084764135,-4.77889432506967,-0.0227329348045958,-45.6934357362877,0.0120000000000005
"122","probe",0.5,6,1,1,TRUE,"ok",-39.6733457378987,-6.97282300036387,-0.0227329348045958,-46.6689016730672,0.00799999999999912
"122","probe",0.5,7,1,1,TRUE,"ok",-42.1678673147218,-4.25571992482899,-0.0227329348045958,-46.4463201743554,0.00900000000000034
"122","probe",0.5,8,1,1,TRUE,"ok",-40.4443027572279,-6.42437337494776,-0.0227329348045958,-46.8914090669802,0.00700000000000145
"122","probe",0.5,9,1,1,TRUE,"ok",-40.4440591168683,-6.41393705313299,-0.0227329348045958,-46.8807291048059,0.00700000000000145
"122","probe",0.5,10,1,1,TRUE,"ok",-44.518441449215,-2.26677846831729,-0.0857934770652226,-46.8710133945976,0.00700000000000145
"122","probe",0.5,11,1,1,TRUE,"ok",-40.3131516209769,-6.41434957833286,-0.0227329348045958,-46.7502341341143,0.00800000000000267
"122","probe",0.5,12,1,1,TRUE,"ok",-41.1754356681902,-6.28632136661696,-0.0227329348045958,-47.4844899696118,0.00600000000000023
"122","probe",0.5,13,1,1,TRUE,"ok",-43.0626889036454,-5.22846072012059,-0.0227329348045958,-48.3138825585706,0.00600000000000023
"122","probe",0.5,14,1,1,TRUE,"ok",-44.7709115121843,-2.07587429067829,-0.0227329348045958,-46.8695187376671,0.0069999999999979
"122","probe",0.5,15,1,1,TRUE,"ok",-44.5090545910411,-2.71359137337692,-0.0227329348045958,-47.2453788992227,0.00700000000000145
"122","probe",0.5,16,1,1,TRUE,"ok",-40.4355776486167,-6.70538182760257,-0.0227329348045958,-47.1636924110239,0.00700000000000145
"122","probe",0.5,17,1,1,TRUE,"ok",-40.4367122560292,-6.45610947007673,-0.0227329348045958,-46.9155546609105,0.00600000000000023
"122","probe",0.5,18,1,1,TRUE,"ok",-39.6882372774684,-4.83125740557405,-0.0184118733176391,-44.53790655636,0.0069999999999979
"122","probe",0.5,19,1,1,TRUE,"ok",-38.8265967570965,-6.86134792409965,-0.0102390890830479,-45.6981837702792,0.00600000000000023
"122","probe",0.5,20,1,1,TRUE,"ok",-43.2818077302943,-2.52962020715465,-0.0379964216445081,-45.8494243590934,0.00700000000000145
"122","probe",0.5,21,1,1,TRUE,"ok",-41.0871303985547,-3.68210973728643,-0.0275238605535438,-44.7967639963946,0.00900000000000034
"122","probe",0.5,22,1,1,TRUE,"ok",-40.5019055145508,-5.35399448920183,-0.0228636780915484,-45.8787636818442,0.0069999999999979
"122","probe",0.5,23,1,1,TRUE,"ok",-38.8965517634893,-6.49052041897099,-0.0143719601718571,-45.4014441426322,0.00700000000000145
"122","probe",0.5,24,1,1,TRUE,"ok",-43.3195866042272,-2.24566435723382,-0.0308261666696713,-45.5960771281307,0.00700000000000145
"122","probe",0.5,25,1,1,TRUE,"ok",-39.6363260991035,-6.24895794408651,-0.0230400597691936,-45.9083241029592,0.0069999999999979
"122","probe",0.5,26,1,1,TRUE,"ok",-40.9001124687023,-5.42885805465543,-0.0220242807787624,-46.3509948041365,0.00700000000000145
"122","probe",0.5,27,1,1,TRUE,"ok",-41.1997485088426,-3.85823878994409,-0.0240018635221696,-45.0819891623088,0.00700000000000145
"122","probe",0.5,28,1,1,TRUE,"ok",-42.0614710511563,-3.28260962731381,-0.0203692999481615,-45.3644499784182,0.0069999999999979
"122","probe",0.5,29,1,1,TRUE,"ok",-41.0386215590299,-5.11629892601987,-0.0273661854750406,-46.1822866705248,0.00700000000000145
"122","probe",0.5,30,1,1,TRUE,"ok",-41.6044121371323,-3.78567229082808,-0.0429559688235557,-45.433040396784,0.00799999999999912
"122","probe",0.5,31,1,1,TRUE,"ok",-38.6143594082982,-6.79706712917688,-0.0115696039632848,-45.4229961414384,0.00700000000000145
"122","probe",0.5,32,1,1,TRUE,"ok",-40.3240199981753,-4.39240466707227,-0.0302145378726157,-44.7466392031202,0.0069999999999979
"122","probe",0.5,33,1,1,TRUE,"ok",-43.2718771730727,-3.18598674334261,-0.0443195333631693,-46.5021834497784,0.00600000000000023
"122","probe",0.5,34,1,1,TRUE,"ok",-39.8542685948575,-6.0389970268576,-0.0106319260751646,-45.9038975477902,0.00599999999999667
"122","probe",0.5,35,1,1,TRUE,"ok",-40.8196851445175,-5.49544327199811,-0.0207753665011076,-46.3359037830167,0.00600000000000023
"122","probe",0.5,36,1,1,TRUE,"ok",-42.9878139082211,-3.93487882598827,-0.0265882259192662,-46.9492809601286,0.00600000000000023
"122","probe",0.5,37,1,1,TRUE,"ok",-40.744852971026,-5.28770244634536,-0.0250080133966688,-46.0575634307681,0.0390000000000015
"122","probe",0.5,38,1,1,TRUE,"ok",-43.4871866394218,-2.74394239008897,-0.0383456659995438,-46.2694746955103,0.00600000000000023
"122","probe",0.5,39,1,1,TRUE,"ok",-41.6743184336794,-3.02811968472882,-0.0277971908703662,-44.7302353092786,0.00600000000000023
"122","probe",0.5,40,1,1,TRUE,"ok",-40.6616736733881,-3.33750591759607,-0.0314444339805209,-44.0306240249647,0.00700000000000145
"122","probe",0.5,41,1,1,TRUE,"ok",-40.7177952375391,-3.75981054337153,-0.0298341826511157,-44.5074399635617,0.00700000000000145
"122","probe",0.5,42,1,1,TRUE,"ok",-39.8778468425522,-5.19802403246341,-0.0195404940015595,-45.0954113690171,0.00900000000000034
"122","probe",0.5,43,1,1,TRUE,"ok",-42.8202530631836,-4.10660307563364,-0.0220506961914951,-46.9489068350087,0.00799999999999912
"122","probe",0.5,44,1,1,TRUE,"ok",-40.7830386648034,-5.51137685907219,-0.0267484298937213,-46.3211639537693,0.00700000000000145
"122","probe",0.5,45,1,1,TRUE,"ok",-40.616140554927,-3.85403676517054,-0.0226797908384324,-44.4928571109359,0.00700000000000145
"122","probe",0.5,46,1,1,TRUE,"ok",-39.0005213307583,-7.29160668788189,-0.0117530477671483,-46.3038810664073,0.0069999999999979
"122","probe",0.5,47,1,1,TRUE,"ok",-40.8877564665696,-4.41333796686322,-0.0399684647994176,-45.3410628982322,0.00700000000000145
"122","probe",0.5,48,1,1,TRUE,"ok",-40.7909820852895,-4.96534563750433,-0.0248470857477634,-45.7811748085416,0.00700000000000145
"122","probe",0.5,49,1,1,TRUE,"ok",-41.897489915841,-3.47495514481423,-0.0306450431898616,-45.4030901038451,0.0069999999999979
"122","probe",0.5,50,1,1,TRUE,"ok",-40.746108089363,-4.26329896252862,-0.0328522659178179,-45.0422593178094,0.0069999999999979
"122","probe",0.5,51,1,1,TRUE,"ok",-42.2972496643693,-3.60616314606307,-0.0257272694148504,-45.9291400798472,0.00700000000000145
"122","probe",0.5,52,1,1,TRUE,"ok",-40.3865178763711,-6.3498072037441,-0.0128768138191108,-46.7492018939343,0.00800000000000267
"122","probe",0.5,53,1,1,TRUE,"ok",-41.1017271342389,-3.28292226074219,-0.0252240240079902,-44.4098734189891,0.00900000000000034
"122","probe",0.5,54,1,1,TRUE,"ok",-41.1263546071472,-5.35844790453191,-0.0224274542967425,-46.5072299659758,0.0069999999999979
"122","probe",0.5,55,1,1,TRUE,"ok",-41.0727085513225,-2.72076908333529,-0.0231761132623489,-43.8166537479202,0.0069999999999979
"122","probe",0.5,56,1,1,TRUE,"ok",-42.7807879825278,-2.86123714352449,-0.0256355543963876,-45.6676606804487,0.00700000000000145
"122","probe",0.5,57,1,1,TRUE,"ok",-42.6058232670058,-3.5265624997973,-0.0202419296289106,-46.152627696432,0.00600000000000023
"122","probe",0.5,58,1,1,TRUE,"ok",-39.1118090201243,-6.28968718453829,-0.019654068114363,-45.4211502727769,0.0069999999999979
"122","probe",0.5,59,1,1,TRUE,"ok",-40.7998619380448,-4.29455373202294,-0.0172658354574227,-45.1116815055252,0.00700000000000145
"122","probe",0.5,60,1,1,TRUE,"ok",-42.2489963624469,-3.90152283520754,-0.0356327239902439,-46.1861519216446,0.00600000000000023
"122","probe",0.5,61,1,1,TRUE,"ok",-41.5818721515099,-3.31932870465044,-0.0322425217659308,-44.9334433779263,0.00600000000000023
"122","probe",0.5,62,1,1,TRUE,"ok",-40.6639553271806,-5.8237203437257,-0.0155209724640422,-46.5031966433703,0.0069999999999979
"122","probe",0.5,63,1,1,TRUE,"ok",-43.5396196420451,-2.99910282123976,-0.0256021744497511,-46.5643246377347,0.00700000000000145
"122","probe",0.5,64,1,1,TRUE,"ok",-38.6755201110979,-6.67557310975748,-0.0122654160302772,-45.3633586368856,0.0069999999999979
"122","probe",0.5,65,1,1,TRUE,"ok",-40.6778060673571,-5.27953911635926,-0.0189103832492899,-45.9762555669656,0.00700000000000145
"122","probe",0.5,66,1,1,TRUE,"ok",-42.3842079844397,-4.12719969099617,-0.0301326289137033,-46.5415403043496,0.0069999999999979
"122","probe",0.5,67,1,1,TRUE,"ok",-39.8605367612794,-5.16078541853505,-0.0207583404872138,-45.0420805203017,0.0069999999999979
"122","probe",0.5,68,1,1,TRUE,"ok",-41.2223330471467,-5.85325218360682,-0.0150934540613198,-47.0906786848148,0.00600000000000023
"122","probe",0.5,69,1,1,TRUE,"ok",-42.738909274673,-3.17305196005873,-0.0335546978602135,-45.945515932592,0.0069999999999979
"122","probe",0.5,70,1,1,TRUE,"ok",-43.8390289588905,-1.55382576744603,-0.0279184770001163,-45.4207732033366,0.00600000000000023
"122","probe",0.5,71,1,1,TRUE,"ok",-39.1439648394025,-5.78099304672838,-0.0191183787527522,-44.9440762648837,0.00599999999999667
"122","probe",0.5,72,1,1,TRUE,"ok",-42.0667174562372,-5.05678011845619,-0.0338746723070652,-47.1573722470004,0.00600000000000023
"122","probe",0.5,73,1,1,TRUE,"ok",-39.3317430051534,-6.51882360852275,-0.0252927436954983,-45.8758593573717,0.00700000000000145
"122","probe",0.5,74,1,1,TRUE,"ok",-42.6339978856507,-3.06587086023822,-0.0202020081231164,-45.720070754012,0.0069999999999979
"122","probe",0.5,75,1,1,TRUE,"ok",-42.5398360147244,-4.0065026881894,-0.0239187950985227,-46.5702574980124,0.0069999999999979
"122","probe",0.5,76,1,1,TRUE,"ok",-41.6725355234372,-4.59828836677927,-0.0439678146709975,-46.3147917048875,0.00700000000000145
"122","probe",0.5,77,1,1,TRUE,"ok",-42.1508657689729,-3.67283941455876,-0.0291474354529859,-45.8528526189846,0.00700000000000145
"122","probe",0.5,78,1,1,TRUE,"ok",-42.2883930845852,-4.1711889125467,-0.0266055117832554,-46.4861875089152,0.0069999999999979
"122","probe",0.5,79,1,1,TRUE,"ok",-41.8670304966365,-3.91605849502956,-0.0478867717489044,-45.8309757634149,0.00700000000000145
"122","probe",0.5,80,1,1,TRUE,"ok",-42.0230221785317,-3.39206745225179,-0.0205403999710621,-45.4356300307545,0.00700000000000145
"122","probe",0.5,81,1,1,TRUE,"ok",-41.6282914929783,-3.24895585048636,-0.0195711874254502,-44.8968185308901,0.00600000000000023
"122","probe",0.8,1,1,1,TRUE,"ok",-40.4419468084451,-2.78144363650532,-0.0227329348045958,-43.246123379755,0.00700000000000145
"122","probe",0.8,2,1,1,TRUE,"ok",-38.9587576302773,-9.60734291634793,-0.00433360603060859,-48.5704341526558,0.00600000000000023
"122","probe",0.8,3,1,1,TRUE,"ok",-42.895110395763,-6.14295642926186,-0.0227329348045958,-49.0607997598294,0.00600000000000023
"122","probe",0.8,4,1,1,TRUE,"ok",-40.6219997612127,-8.01262935804596,-0.0227329348045958,-48.6573620540633,0.00799999999999912
"122","probe",0.8,5,1,1,TRUE,"ok",-41.1032626502969,-5.82365600094337,-0.0227329348045958,-46.9496515860449,0.00600000000000023
"122","probe",0.8,6,1,1,TRUE,"ok",-39.978862558115,-8.40036841759928,-0.0227329348045958,-48.4019639105189,0.00600000000000023
"122","probe",0.8,7,1,1,TRUE,"ok",-43.3853092248147,-4.77190632378761,-0.0227329348045958,-48.1799484834069,0.00600000000000023
"122","probe",0.8,8,1,1,TRUE,"ok",-40.4445728982586,-8.291569674794,-0.0227329348045958,-48.7588755078572,0.00600000000000023
"122","probe",0.8,9,1,1,TRUE,"ok",-40.4443197172491,-8.2428911400638,-0.0227329348045958,-48.7099437921175,0.00700000000000145
"122","probe",0.8,10,1,1,TRUE,"ok",-45.759664515145,-2.78775823010887,-0.114875655903026,-48.6622984011569,0.00600000000000023
"122","probe",0.8,11,1,1,TRUE,"ok",-40.5506055773473,-8.02015568130831,-0.0227329348045958,-48.5934941934602,0.00600000000000023
"122","probe",0.8,12,1,1,TRUE,"ok",-41.6671584491418,-8.04169777805205,-0.0227329348045958,-49.7315891619984,0.00600000000000023
"122","probe",0.8,13,1,1,TRUE,"ok",-44.4131821475277,-6.42480289933759,-0.0227329348045958,-50.8607179816699,0.00600000000000023
"122","probe",0.8,14,1,1,TRUE,"ok",-46.2390550476379,-2.39817385747208,-0.0227329348045958,-48.6599618399146,0.00700000000000145
"122","probe",0.8,15,1,1,TRUE,"ok",-46.0864789148156,-2.90571542945275,-0.0227329348045958,-49.0149272790729,0.00799999999999912
"122","probe",0.8,16,1,1,TRUE,"ok",-40.4331102234166,-8.63595054035539,-0.0227329348045958,-49.0917936985766,0.00700000000000145
"122","probe",0.8,17,1,1,TRUE,"ok",-40.4347589199718,-8.29457418843011,-0.0227329348045958,-48.7520660432066,0.0069999999999979
"122","probe",0.8,18,1,1,TRUE,"ok",-40.3824115614262,-6.68081669080109,-0.0141016038082395,-47.0773298560356,0.00700000000000145
"122","probe",0.8,19,1,1,TRUE,"ok",-41.6894067158745,-5.28965767759047,-0.0137422280375837,-46.9928066215026,0.00700000000000145
"122","probe",0.8,20,1,1,TRUE,"ok",-42.4029959675018,-5.50875016003993,-0.0511764564557429,-47.9629225839975,0.00800000000000267
"122","probe",0.8,21,1,1,TRUE,"ok",-42.84979586805,-4.56178212212501,-0.0338031951956822,-47.4453811853707,0.00800000000000267
"122","probe",0.8,22,1,1,TRUE,"ok",-41.9319375421006,-5.95398056303461,-0.00912032156294106,-47.8950384266982,0.00700000000000145
"122","probe",0.8,23,1,1,TRUE,"ok",-41.8956146966477,-2.15531563598176,-0.025147096409538,-44.076077429039,0.0069999999999979
"122","probe",0.8,24,1,1,TRUE,"ok",-42.7799234107599,-5.39838599318039,-0.0383495606115862,-48.2166589645519,0.00700000000000145
"122","probe",0.8,25,1,1,TRUE,"ok",-44.6954053519,-2.91349773599282,-0.0278641649002068,-47.6367672527931,0.00800000000000267
"122","probe",0.8,26,1,1,TRUE,"ok",-41.809566340038,-4.10051853853677,-0.0415995915410925,-45.9516844701159,0.00799999999999912
"122","probe",0.8,27,1,1,TRUE,"ok",-40.7943681917334,-4.77128920030579,-0.0241127082554065,-45.5897701002946,0.0069999999999979
"122","probe",0.8,28,1,1,TRUE,"ok",-44.5153695199426,-4.66734301384602,-0.0438542637218175,-49.2265667975105,0.0069999999999979
"122","probe",0.8,29,1,1,TRUE,"ok",-42.1345910362812,-6.15890072577895,-0.0368621847006114,-48.3303539467607,0.00700000000000145
"122","probe",0.8,30,1,1,TRUE,"ok",-42.6371720929848,-4.80396338077844,-0.0338378600606261,-47.4749733338239,0.00700000000000145
"122","probe",0.8,31,1,1,TRUE,"ok",-42.4200743596111,-3.10497177688301,-0.0271482389735469,-45.5521943754677,0.00799999999999912
"122","probe",0.8,32,1,1,TRUE,"ok",-39.9935307399545,-5.57558459046267,-0.014391821388208,-45.5835071518053,0.00600000000000023
"122","probe",0.8,33,1,1,TRUE,"ok",-39.461153868838,-6.24593543601766,-0.0209313681935923,-45.7280206730492,0.00600000000000023
"122","probe",0.8,34,1,1,TRUE,"ok",-42.0013448145892,-2.23939252019864,-0.0291556438175246,-44.2698929786054,0.00600000000000023
"122","probe",0.8,35,1,1,TRUE,"ok",-42.2773440986148,-5.26055957001827,-0.0252896144204727,-47.5631932830536,0.0069999999999979
"122","probe",0.8,36,1,1,TRUE,"ok",-41.1112815386169,-5.12634366550645,-0.0260253429851269,-46.2636505471084,0.00900000000000034
"122","probe",0.8,37,1,1,TRUE,"ok",-39.3561689640912,-8.1036055552181,-0.0123462056586972,-47.472120724968,0.00600000000000023
"122","probe",0.8,38,1,1,TRUE,"ok",-41.5266721556607,-4.48339174760024,-0.016381051253124,-46.026444954514,0.00600000000000023
"122","probe",0.8,39,1,1,TRUE,"ok",-40.9218800640617,-5.36463939593831,-0.01416882121494,-46.300688281215,0.00700000000000145
"122","probe",0.8,40,1,1,TRUE,"ok",-40.5581944259022,-3.59529908839269,-0.0316979338396106,-44.1851914481345,0.00599999999999667
"122","probe",0.8,41,1,1,TRUE,"ok",-44.2237616405184,-5.37427284356844,-0.0477745587622234,-49.645809042849,0.00700000000000145
"122","probe",0.8,42,1,1,TRUE,"ok",-42.6857313024187,-5.5373893763876,-0.0230744532521831,-48.2461951320585,0.0069999999999979
"122","probe",0.8,43,1,1,TRUE,"ok",-42.8636197559876,-1.75211941736972,-0.0356842316100755,-44.6514234049674,0.00700000000000145
"122","probe",0.8,44,1,1,TRUE,"ok",-40.3986385847202,-6.3320837569912,-0.0403358639354733,-46.7710582056469,0.0069999999999979
"122","probe",0.8,45,1,1,TRUE,"ok",-41.7235423886787,-3.41367872051239,-0.037225261905716,-45.1744463710968,0.00600000000000023
"122","probe",0.8,46,1,1,TRUE,"ok",-40.0218075472727,-5.34256482188764,-0.0177302408696067,-45.3821026100299,0.00600000000000023
"122","probe",0.8,47,1,1,TRUE,"ok",-40.9529965652955,-4.1720451607882,-0.0231792291059816,-45.1482209551897,0.00700000000000145
"122","probe",0.8,48,1,1,TRUE,"ok",-39.8053816429258,-5.25929724400386,-0.01574780728365,-45.0804266942134,0.00600000000000023
"122","probe",0.8,49,1,1,TRUE,"ok",-39.2339537122772,-8.81921655119891,-0.0122850955062756,-48.0654553589824,0.00600000000000023
"122","probe",0.8,50,1,1,TRUE,"ok",-43.3896616818834,-3.82534367733982,-0.0242023934036896,-47.2392077526269,0.00600000000000023
"122","probe",0.8,51,1,1,TRUE,"ok",-40.4466601279375,-7.24156936454954,-0.0137199568198147,-47.7019494493069,0.00700000000000145
"122","probe",0.8,52,1,1,TRUE,"ok",-42.4670379109021,-3.54505592332206,-0.034538938659885,-46.046632772884,0.00799999999999912
"122","probe",0.8,53,1,1,TRUE,"ok",-41.8298887196863,-3.54794964245016,-0.0309764825228388,-45.4088148446593,0.00600000000000023
"122","probe",0.8,54,1,1,TRUE,"ok",-40.9143338203834,-6.17792847674773,-0.0125487360672097,-47.1048110331983,0.00799999999999912
"122","probe",0.8,55,1,1,TRUE,"ok",-41.2155342180517,-4.37859778832473,-0.0241300605048977,-45.6182620668813,0.00600000000000023
"122","probe",0.8,56,1,1,TRUE,"ok",-41.5562498815889,-4.23653387614166,-0.0142298788763108,-45.8070136366068,0.00700000000000145
"122","probe",0.8,57,1,1,TRUE,"ok",-42.2709588325737,-3.76467275988308,-0.0309588808560625,-46.0665904733128,0.00900000000000034
"122","probe",0.8,58,1,1,TRUE,"ok",-40.2006031831214,-5.33556472151954,-0.033288497700663,-45.5694564023416,0.00700000000000145
"122","probe",0.8,59,1,1,TRUE,"ok",-39.2378265819053,-7.3297348722606,-0.0136156108417922,-46.5811770650076,0.00799999999999912
"122","probe",0.8,60,1,1,TRUE,"ok",-39.9695889803058,-7.25771485254081,-0.0201482452643322,-47.2474520781109,0.00799999999999912
"122","probe",0.8,61,1,1,TRUE,"ok",-39.3904990800266,-6.47029190028961,-0.0132345497473691,-45.8740255300636,0.00799999999999912
"122","probe",0.8,62,1,1,TRUE,"ok",-39.0143536100512,-6.31825804488259,-0.0124682514620791,-45.3450799063959,0.00700000000000145
"122","probe",0.8,63,1,1,TRUE,"ok",-38.7972621369749,-7.15585872839169,-0.0129811002877906,-45.9661019656544,0.00600000000000023
"122","probe",0.8,64,1,1,TRUE,"ok",-41.3209530937644,-5.3428381704487,-0.0323029470343076,-46.6960942112474,0.0069999999999979
"122","probe",0.8,65,1,1,TRUE,"ok",-41.414593783852,-6.31878099936103,-0.0161556583184726,-47.7495304415315,0.0069999999999979
"122","probe",0.8,66,1,1,TRUE,"ok",-42.4932033249984,-5.5761288993635,-0.0212822361165301,-48.0906144604785,0.00700000000000145
"122","probe",0.8,67,1,1,TRUE,"ok",-40.0358373043226,-4.69128653392526,-0.0122759604517008,-44.7393997986995,0.0069999999999979
"122","probe",0.8,68,1,1,TRUE,"ok",-40.925674969243,-6.53451336076525,-0.0346880632087867,-47.494876393217,0.00900000000000034
"122","probe",0.8,69,1,1,TRUE,"ok",-40.8515190293405,-5.7563850262026,-0.0182488765454179,-46.6261529320885,0.00700000000000145
"122","probe",0.8,70,1,1,TRUE,"ok",-42.6499972007837,-3.56401644844763,-0.0279919305699712,-46.2420055798012,0.0069999999999979
"122","probe",0.8,71,1,1,TRUE,"ok",-39.5579839265904,-7.55382734554745,-0.00775493414151536,-47.1195662062794,0.00800000000000267
"122","probe",0.8,72,1,1,TRUE,"ok",-40.1845279826684,-7.47627509639129,-0.0192509153678335,-47.6800539944275,0.00700000000000145
"122","probe",0.8,73,1,1,TRUE,"ok",-40.4625896180922,-7.03984521051002,-0.0122657060124249,-47.5147005346146,0.00800000000000267
"122","probe",0.8,74,1,1,TRUE,"ok",-43.0915501037485,-4.70973173104999,-0.0262120303079374,-47.8274938651065,0.00700000000000145
"122","probe",0.8,75,1,1,TRUE,"ok",-41.197788130611,-6.11213948028882,-0.0204615973337519,-47.3303892082336,0.0069999999999979
"122","probe",0.8,76,1,1,TRUE,"ok",-41.6423906101346,-5.64295856374245,-0.0218078435146935,-47.3071570173917,0.00799999999999912
"122","probe",0.8,77,1,1,TRUE,"ok",-40.6786415705019,-3.10151542136824,-0.0230551852426046,-43.8032121771128,0.0069999999999979
"122","probe",0.8,78,1,1,TRUE,"ok",-39.7572557115549,-7.81105845931444,-0.0196315235482608,-47.5879456944176,0.00700000000000145
"122","probe",0.8,79,1,1,TRUE,"ok",-42.7407104348173,-3.90944497185031,-0.0311587655273119,-46.6813141721949,0.00600000000000023
"122","probe",0.8,80,1,1,TRUE,"ok",-40.9504637714973,-4.68373332359918,-0.0137783458814954,-45.647975440978,0.00600000000000023
"122","probe",0.8,81,1,1,TRUE,"ok",-41.4002331898008,-7.46003949546944,-0.0134393740588493,-48.8737120593291,0.00700000000000145
"122","probe",0.95,1,1,1,TRUE,"ok",-40.4419468084451,-2.78144363650532,-0.0227329348045958,-43.246123379755,0.00700000000000145
"122","probe",0.95,2,1,1,TRUE,"ok",-39.203080921803,-11.6239127448984,-0.00318185491221459,-50.8301755216137,0.00799999999999912
"122","probe",0.95,3,1,1,TRUE,"ok",-43.839307729102,-7.721468184139,-0.0227329348045958,-51.5835088480456,0.00800000000000267
"122","probe",0.95,4,1,1,TRUE,"ok",-40.6877315099867,-10.139770021725,-0.0227329348045958,-50.8502344665162,0.00700000000000145
"122","probe",0.95,5,1,1,TRUE,"ok",-41.3300115910866,-7.09816460501363,-0.0227329348045958,-48.4509091309048,0.0069999999999979
"122","probe",0.95,6,1,1,TRUE,"ok",-40.4587779517273,-10.0212809354966,-0.0227329348045958,-50.5027918220285,0.00600000000000023
"122","probe",0.95,7,1,1,TRUE,"ok",-44.8997894939751,-5.35951859275325,-0.0227329348045958,-50.2820410215329,0.00800000000000267
"122","probe",0.95,8,1,1,TRUE,"ok",-40.4448045118098,-10.5660997205193,-0.0227329348045958,-51.0336371671337,0.00900000000000034
"122","probe",0.95,9,1,1,TRUE,"ok",-40.444543564142,-10.4654361965987,-0.0227329348045958,-50.9327126955453,0.00799999999999912
"122","probe",0.95,10,1,1,TRUE,"ok",-47.14284057656,-3.55809097003242,-0.153488285560115,-50.8544198321525,0.0069999999999979
"122","probe",0.95,11,1,1,TRUE,"ok",-40.9173148738069,-9.93318262335583,-0.0227329348045958,-50.8732304319674,0.00600000000000023
"122","probe",0.95,12,1,1,TRUE,"ok",-42.2432178388596,-10.1732001866335,-0.0227329348045958,-52.4391509602977,0.00600000000000023
"122","probe",0.95,13,1,1,TRUE,"ok",-46.0892589386831,-7.88107716752542,-0.0227329348045958,-53.9930690410132,0.00700000000000145
"122","probe",0.95,14,1,1,TRUE,"ok",-47.90146078547,-2.90305259501495,-0.0227329348045958,-50.8272463152896,0.00799999999999912
"122","probe",0.95,15,1,1,TRUE,"ok",-47.8716376575892,-3.18054645060699,-0.0227329348045958,-51.0749170430008,0.00700000000000145
"122","probe",0.95,16,1,1,TRUE,"ok",-40.4300571860958,-10.9744357807349,-0.0227329348045958,-51.4272259016353,0.0069999999999979
"122","probe",0.95,17,1,1,TRUE,"ok",-40.432367375494,-10.5267173375106,-0.0227329348045958,-50.9818176478093,0.00600000000000023
"122","probe",0.95,18,1,1,TRUE,"ok",-40.836988577538,-3.48097924294929,-0.0255182907377414,-44.343486111225,0.0069999999999979
"122","probe",0.95,19,1,1,TRUE,"ok",-42.7016446013612,-3.6681548639764,-0.0572679342829918,-46.4270673996206,0.00799999999999912
"122","probe",0.95,20,1,1,TRUE,"ok",-41.6997066173694,-3.19187352055693,-0.02593843210603,-44.9175185700323,0.00600000000000023
"122","probe",0.95,21,1,1,TRUE,"ok",-41.115033267172,-2.86043502665386,-0.0214100007576397,-43.9968782945835,0.00600000000000023
"122","probe",0.95,22,1,1,TRUE,"ok",-39.3663606368989,-6.55964408425049,-0.0241687509324385,-45.9501734720819,0.00600000000000023
"122","probe",0.95,23,1,1,TRUE,"ok",-43.0137236359458,-3.91991818118847,-0.0435028653592333,-46.9771446824935,0.00600000000000023
"122","probe",0.95,24,1,1,TRUE,"ok",-42.1709137162113,-4.68053233382691,-0.0302934967143539,-46.8817395467526,0.00800000000000267
"122","probe",0.95,25,1,1,TRUE,"ok",-41.5675856644796,-6.14965456943622,-0.0356478496069106,-47.7528880835227,0.0069999999999979
"122","probe",0.95,26,1,1,TRUE,"ok",-42.0762299654617,-4.87496750802348,-0.0126500306721433,-46.9638475041573,0.00600000000000023
"122","probe",0.95,27,1,1,TRUE,"ok",-39.6920970162525,-4.82613090252014,-0.020129565577818,-44.5383574843505,0.00600000000000023
"122","probe",0.95,28,1,1,TRUE,"ok",-39.7750795233805,-4.82788780993224,-0.012239422597825,-44.6152067559105,0.00600000000000023
"122","probe",0.95,29,1,1,TRUE,"ok",-40.065031799744,-5.00452071094893,-0.0170310800140609,-45.086583590707,0.00700000000000145
"122","probe",0.95,30,1,1,TRUE,"ok",-42.5044238103642,-4.89156048427486,-0.037549656338032,-47.4335339509771,0.00700000000000145
"122","probe",0.95,31,1,1,TRUE,"ok",-39.4878705945359,-6.4223010010081,-0.0201792391870112,-45.930350834731,0.0069999999999979
"122","probe",0.95,32,1,1,TRUE,"ok",-40.9021486838443,-4.44998610956102,-0.0287099656798819,-45.3808447590852,0.00600000000000023
"122","probe",0.95,33,1,1,TRUE,"ok",-39.2431444660192,-7.05832171032719,-0.0164728853915124,-46.3179390617379,0.00600000000000023
"122","probe",0.95,34,1,1,TRUE,"ok",-41.0331484846104,-5.65320568430915,-0.0293678865863005,-46.7157220555058,0.00600000000000023
"122","probe",0.95,35,1,1,TRUE,"ok",-38.8633388735034,-10.8740728190469,-0.0101244956192889,-49.7475361881696,0.00799999999999912
"122","probe",0.95,36,1,1,TRUE,"ok",-40.3908588552745,-4.86823883874911,-0.0176033575633081,-45.2767010515869,0.0069999999999979
"122","probe",0.95,37,1,1,TRUE,"ok",-41.6410544037963,-4.94343233827334,-0.0325532932038345,-46.6170400352734,0.00700000000000145
"122","probe",0.95,38,1,1,TRUE,"ok",-40.8769997775189,-9.90131930933186,-0.016021864987252,-50.7943409518381,0.00700000000000145
"122","probe",0.95,39,1,1,TRUE,"ok",-41.1515544901201,-3.58313468455363,-0.0295003790595183,-44.7641895537332,0.00700000000000145
"122","probe",0.95,40,1,1,TRUE,"ok",-40.9280610332346,-6.37272681843476,-0.0283337351150621,-47.3291215867844,0.00600000000000023
"122","probe",0.95,41,1,1,TRUE,"ok",-42.0428255787005,-5.20033388635082,-0.0312452490871559,-47.2744047141385,0.0069999999999979
"122","probe",0.95,42,1,1,TRUE,"ok",-41.7224488510651,-3.27772230862081,-0.0312752736549778,-45.0314464333409,0.00600000000000023
"122","probe",0.95,43,1,1,TRUE,"ok",-39.3438809722793,-5.65660467908436,-0.00988998388880478,-45.0103756352525,0.0069999999999979
"122","probe",0.95,44,1,1,TRUE,"ok",-42.2889241460131,-3.93038827967844,-0.0183238824806118,-46.2376363081722,0.0069999999999979
"122","probe",0.95,45,1,1,TRUE,"ok",-38.5726262554829,-10.1142607490933,-0.0155766486341997,-48.7024636532103,0.00799999999999912
"122","probe",0.95,46,1,1,TRUE,"ok",-39.5693832898648,-7.39845510983559,-0.0101762756881477,-46.9780146753886,0.00800000000000267
"122","probe",0.95,47,1,1,TRUE,"ok",-44.2444282961279,-5.38260110091398,-0.0171656954879621,-49.6441950925298,0.00700000000000145
"122","probe",0.95,48,1,1,TRUE,"ok",-41.1488639948994,-4.28063121787462,-0.0353566215325096,-45.4648518343065,0.0069999999999979
"122","probe",0.95,49,1,1,TRUE,"ok",-40.2692478875392,-4.85678068830203,-0.0191784416132042,-45.1452070174545,0.00799999999999912
"122","probe",0.95,50,1,1,TRUE,"ok",-41.9592963418242,-4.14689369940251,-0.0225191663266835,-46.1287092075534,0.00800000000000267
"122","probe",0.95,51,1,1,TRUE,"ok",-39.9135433839568,-4.75886742811854,-0.0161388396320802,-44.6885496517074,0.00899999999999679
"122","probe",0.95,52,1,1,TRUE,"ok",-40.251420291993,-7.25172069984811,-0.0189438490938823,-47.522084840935,0.00600000000000023
"122","probe",0.95,53,1,1,TRUE,"ok",-42.3924456789888,-3.63897228426746,-0.0384416209040712,-46.0698595841603,0.00600000000000023
"122","probe",0.95,54,1,1,TRUE,"ok",-40.8200787535707,-5.69200722439922,-0.0252594039071721,-46.5373453818771,0.00600000000000023
"122","probe",0.95,55,1,1,TRUE,"ok",-41.3399977509582,-5.29390169752919,-0.0125814880457998,-46.6464809365332,0.00600000000000023
"122","probe",0.95,56,1,1,TRUE,"ok",-41.7316862546015,-4.60704317917205,-0.0340548435991517,-46.3727842773727,0.00700000000000145
"122","probe",0.95,57,1,1,TRUE,"ok",-42.7862448063465,-7.15181043272934,-0.0441242736605735,-49.9821795127364,0.0069999999999979
"122","probe",0.95,58,1,1,TRUE,"ok",-41.5744475899085,-4.13494831300888,-0.0185927017498879,-45.7279886046673,0.00600000000000023
"122","probe",0.95,59,1,1,TRUE,"ok",-42.0973827015808,-6.48234659233771,-0.0452792440746863,-48.6250085379932,0.00599999999999667
"122","probe",0.95,60,1,1,TRUE,"ok",-41.1067329194561,-3.13018822663115,-0.0364498691235174,-44.2733710152107,0.00700000000000145
"122","probe",0.95,61,1,1,TRUE,"ok",-41.6576621739866,-6.86214747552246,-0.026794492466443,-48.5466041419755,0.00600000000000023
"122","probe",0.95,62,1,1,TRUE,"ok",-42.1180778031194,-4.89258359297043,-0.0203518838261885,-47.031013279916,0.00700000000000145
"122","probe",0.95,63,1,1,TRUE,"ok",-38.6996643562664,-6.3319933279671,-0.0102086458124594,-45.0418663300459,0.00600000000000023
"122","probe",0.95,64,1,1,TRUE,"ok",-40.5902384939346,-6.89322241899674,-0.0327008687786306,-47.51616178171,0.00600000000000023
"122","probe",0.95,65,1,1,TRUE,"ok",-44.5855326936185,-3.19666997761027,-0.0383708065203802,-47.8205734777492,0.00600000000000023
"122","probe",0.95,66,1,1,TRUE,"ok",-40.383770099263,-4.20049403685455,-0.0313364851772082,-44.6156006212948,0.00700000000000145
"122","probe",0.95,67,1,1,TRUE,"ok",-40.4239546169042,-6.75341791736105,-0.0097395499111771,-47.1871120841764,0.00799999999999912
"122","probe",0.95,68,1,1,TRUE,"ok",-41.4915519990461,-6.73509461083931,-0.0340789302140398,-48.2607255400994,0.00600000000000023
"122","probe",0.95,69,1,1,TRUE,"ok",-38.7283778068031,-7.97640557221114,-0.0164035116474475,-46.7211868906617,0.00600000000000023
"122","probe",0.95,70,1,1,TRUE,"ok",-41.0521142119751,-3.64648044014544,-0.0320999063656942,-44.7306945584862,0.00600000000000023
"122","probe",0.95,71,1,1,TRUE,"ok",-42.742309687632,-3.76913905177571,-0.026526601207942,-46.5379753406157,0.00600000000000023
"122","probe",0.95,72,1,1,TRUE,"ok",-41.3933058523836,-3.29988016646913,-0.0312219876392102,-44.724408006492,0.00799999999999912
"122","probe",0.95,73,1,1,TRUE,"ok",-41.0519206252806,-4.19825140413081,-0.0236862936638833,-45.2738583230753,0.00700000000000145
"122","probe",0.95,74,1,1,TRUE,"ok",-40.5624964417074,-5.54038721934646,-0.0121485825224723,-46.1150322435764,0.0069999999999979
"122","probe",0.95,75,1,1,TRUE,"ok",-46.0894317508732,-2.40033496473965,-0.0580072949851093,-48.5477740105979,0.00700000000000145
"122","probe",0.95,76,1,1,TRUE,"ok",-40.3811843844212,-6.19688799727095,-0.0178322504541938,-46.5959046321464,0.00599999999999667
"122","probe",0.95,77,1,1,TRUE,"ok",-40.273229924374,-6.33829560894683,-0.0244711673522283,-46.6359967006731,0.00600000000000023
"122","probe",0.95,78,1,1,TRUE,"ok",-44.1425645144784,-1.5662985369122,-0.0641055704845072,-45.7729686218751,0.00799999999999912
"122","probe",0.95,79,1,1,TRUE,"ok",-42.3706464568973,-6.72485091336322,-0.0249820410165144,-49.1204794112771,0.00499999999999901
"122","probe",0.95,80,1,1,TRUE,"ok",-48.2786613509702,-2.14296154284216,-0.0560877861377361,-50.4777106799501,0.0069999999999979
"122","probe",0.95,81,1,1,TRUE,"ok",-47.3217842920976,-3.6781263221072,-0.0355352942374403,-51.0354459084423,0.00600000000000023
"122","validation",NA,1,1,1,TRUE,"ok",-40.4180512425246,-6.83698877265289,-0.0374603373913142,-47.2925003525688,0.00700000000000145
"122","validation",NA,2,1,1,TRUE,"ok",-44.3599367944862,-5.3095503527135,-0.0183706970690972,-49.6878578442688,0.00799999999999912
"122","validation",NA,3,1,1,TRUE,"ok",-40.1008756617721,-3.61468601327414,-0.0238837914772279,-43.7394454665235,0.00600000000000023
"122","validation",NA,4,1,1,TRUE,"ok",-43.6130024986838,-4.56031508905059,-0.0188437786800939,-48.1921613664145,0.00600000000000023
"122","validation",NA,5,1,1,TRUE,"ok",-41.846183986739,-2.49208105690423,-0.02382059402056,-44.3620856376638,0.00700000000000145
"122","validation",NA,6,1,1,TRUE,"ok",-39.7699887587424,-7.40077984722125,-0.0102977558304709,-47.1810663617942,0.00600000000000023
"122","validation",NA,7,1,1,TRUE,"ok",-45.6518539919145,-5.60326129838972,-0.0574063528343315,-51.3125216431386,0.00700000000000145
"122","validation",NA,8,1,1,TRUE,"ok",-42.8325837347652,-3.88145117470671,-0.0302675400663051,-46.7443024495382,0.00600000000000023
"122","validation",NA,9,1,1,TRUE,"ok",-42.2710828622729,-6.32009789329121,-0.0260050643780197,-48.6171858199422,0.00600000000000023
"122","validation",NA,10,1,1,TRUE,"ok",-42.3290057455753,-5.62735499613676,-0.031182841286592,-47.9875435829987,0.00600000000000023
"122","validation",NA,11,1,1,TRUE,"ok",-39.6830090924526,-7.19278643225355,-0.0161787181563245,-46.8919742428625,0.00600000000000023
"122","validation",NA,12,1,1,TRUE,"ok",-39.1761420323192,-7.50909463508104,-0.00911577723420495,-46.6943524446344,0.00799999999999912
"122","validation",NA,13,1,1,TRUE,"ok",-41.4019623697511,-3.35673236081524,-0.0259273318934143,-44.7846220624597,0.00700000000000145
"122","validation",NA,14,1,1,TRUE,"ok",-39.6153471267624,-5.92797185143811,-0.0170235272381731,-45.5603425054387,0.00600000000000023
"122","validation",NA,15,1,1,TRUE,"ok",-43.4918264524222,-6.94786996001204,-0.0846694623928298,-50.5243658748271,0.00700000000000145
"122","validation",NA,16,1,1,TRUE,"ok",-42.0525973972016,-7.56269469795887,-0.0364174622883202,-49.6517095574488,0.00799999999999912
"122","validation",NA,17,1,1,TRUE,"ok",-40.303095400773,-7.35445695533758,-0.0305425706473857,-47.6880949267579,0.00700000000000145
"122","validation",NA,18,1,1,TRUE,"ok",-41.3746081632686,-5.85555401602419,-0.0203401687217111,-47.2505023480145,0.0100000000000016
"122","validation",NA,19,1,1,TRUE,"ok",-38.5099168809228,-9.25937471137757,-0.0108254572770236,-47.7801170495774,0.00600000000000023
"122","validation",NA,20,1,1,TRUE,"ok",-42.1246981525776,-6.53788029866279,-0.024893153936334,-48.6874716051767,0.00700000000000145
"122","validation",NA,21,1,1,TRUE,"ok",-43.186760105371,-1.86597831042894,-0.0438628526401346,-45.0966012684401,0.00700000000000145
"122","validation",NA,22,1,1,TRUE,"ok",-42.0656957840789,-12.4627573082636,-0.0239958019068613,-54.5524488942494,0.0069999999999979
"122","validation",NA,23,1,1,TRUE,"ok",-42.9636582269293,-5.13162177903885,-0.0481274253212547,-48.1434074312894,0.00900000000000034
"122","validation",NA,24,1,1,TRUE,"ok",-44.2422753263221,-8.24940233761949,-0.0190442726835258,-52.5107219366251,0.00700000000000145
"122","validation",NA,25,1,1,TRUE,"ok",-39.5193539551918,-9.41702151330449,-0.0134820292095085,-48.9498574977058,0.00799999999999912
"122","validation",NA,26,1,1,TRUE,"ok",-40.7392739151129,-7.78448657847106,-0.0353165339358978,-48.5590770275199,0.00800000000000267
"122","validation",NA,27,1,1,TRUE,"ok",-39.9002770488839,-6.28019280282714,-0.0154648486700119,-46.1959347003811,0.00799999999999912
"122","validation",NA,28,1,1,TRUE,"ok",-40.6437530903027,-5.50286538875277,-0.0313290444759362,-46.1779475235314,0.00799999999999912
"122","validation",NA,29,1,1,TRUE,"ok",-44.8830845624455,-2.41121325073749,-0.0631506502659782,-47.357448463449,0.0069999999999979
"122","validation",NA,30,1,1,TRUE,"ok",-43.3820964931539,-2.7302222927091,-0.0436443499888396,-46.1559631358518,0.00600000000000023
"122","validation",NA,31,1,1,TRUE,"ok",-43.989628951948,-4.80183664140024,-0.0192177063340891,-48.8106832996823,0.00700000000000145
"122","validation",NA,32,1,1,TRUE,"ok",-43.6425152388021,-2.50864429071512,-0.0456656472532581,-46.1968251767704,0.0069999999999979
"122","validation",NA,33,1,1,TRUE,"ok",-42.4602769596553,-3.281464490898,-0.0310598916687012,-45.772801342222,0.00600000000000023
"122","validation",NA,34,1,1,TRUE,"ok",-41.479114474475,-6.20496597152563,-0.0149432499102122,-47.6990236959108,0.00800000000000267
"122","validation",NA,35,1,1,TRUE,"ok",-39.5542770669644,-5.34948353889246,-0.0196072713571659,-44.923367877214,0.00600000000000023
"122","validation",NA,36,1,1,TRUE,"ok",-38.497362148691,-10.3353298659432,-0.0145600015926045,-48.8472520162268,0.0069999999999979
"122","validation",NA,37,1,1,TRUE,"ok",-41.3975215537366,-8.27026752111332,-0.0202520879922576,-49.6880411628422,0.00600000000000023
"122","validation",NA,38,1,1,TRUE,"ok",-41.8886495130435,-4.53068517871135,-0.0178929137037458,-46.4372276054586,0.00600000000000023
"122","validation",NA,39,1,1,TRUE,"ok",-44.5416314636865,-2.79785536026728,-0.0348440555667593,-47.3743308795206,0.00800000000000267
"122","validation",NA,40,1,1,TRUE,"ok",-42.4896179074702,-5.51429305036817,-0.0387560699740893,-48.0426670278125,0.00600000000000023
"122","validation",NA,41,1,1,TRUE,"ok",-40.7233453152506,-5.23735286931488,-0.0227082024195859,-45.9834063869851,0.00600000000000023
"122","validation",NA,42,1,1,TRUE,"ok",-39.700403045347,-6.15397193986018,-0.0127355645920446,-45.8671105497992,0.00599999999999312
"122","validation",NA,43,1,1,TRUE,"ok",-44.7828579798305,-7.01659527212488,-0.0839557934819526,-51.8834090454373,0.00600000000000023
"122","validation",NA,44,1,1,TRUE,"ok",-41.850402390811,-3.21115920607065,-0.0206863253611268,-45.0822479222428,0.00800000000000267
"122","validation",NA,45,1,1,TRUE,"ok",-42.6602242390513,-4.8544891913384,-0.0233344303850211,-47.5380478607747,0.00500000000000256
"122","validation",NA,46,1,1,TRUE,"ok",-41.3609063314759,-4.94407124081857,-0.0369669361441637,-46.3419445084386,0.00600000000000023
"122","validation",NA,47,1,1,TRUE,"ok",-40.2718309211487,-14.1043792054296,-0.00697307369708149,-54.3831832002755,0.0069999999999979
"122","validation",NA,48,1,1,TRUE,"ok",-43.585128938651,-4.45389689818634,-0.0202836746650863,-48.0593095115025,0.0069999999999979
"122","validation",NA,49,1,1,TRUE,"ok",-40.6739349540589,-5.37173894554873,-0.0144724521585983,-46.0601463517662,0.007000000000005
"122","validation",NA,50,1,1,TRUE,"ok",-42.4514576269117,-3.80723375733594,-0.0139898165167996,-46.2726812007645,0.00799999999999557
"122","validation",NA,51,1,1,TRUE,"ok",-44.3660051657103,-9.91371428004373,-0.0109695771859232,-54.2906890229399,0.00599999999999312
"122","validation",NA,52,1,1,TRUE,"ok",-42.1996929498261,-4.63272732853367,-0.032050954158498,-46.8644712325182,0.00600000000000023
"122","validation",NA,53,1,1,TRUE,"ok",-41.1143048548933,-4.04906599033797,-0.0162810955311161,-45.1796519407624,0.00600000000000023
"122","validation",NA,54,1,1,TRUE,"ok",-42.19827609681,-5.1009586254041,-0.0338291456655334,-47.3330638678796,0.00600000000000023
"122","validation",NA,55,1,1,TRUE,"ok",-41.8524977353376,-4.72880161943064,-0.0235887896598857,-46.6048881444282,0.0069999999999979
"122","validation",NA,56,1,1,TRUE,"ok",-40.5270324731807,-10.3419118235251,-0.0074892362845443,-50.8764335329903,0.007000000000005
"122","validation",NA,57,1,1,TRUE,"ok",-42.6775227450791,-3.45851995452061,-0.0167785582616901,-46.1528212578614,0.0069999999999979
"122","validation",NA,58,1,1,TRUE,"ok",-42.5768625506667,-5.07241120914183,-0.0432095179030928,-47.6924832777116,0.0069999999999979
"122","validation",NA,59,1,1,TRUE,"ok",-43.5583992066415,-3.10168530083657,-0.0288579055520893,-46.6889424130301,0.0069999999999979
"122","validation",NA,60,1,1,TRUE,"ok",-39.9474139165509,-6.14795596860775,-0.0202874583176268,-46.1156573434763,0.0069999999999979
"122","validation",NA,61,1,1,TRUE,"ok",-40.1597206145953,-3.69036336196972,-0.0179928761405237,-43.8680768527055,0.00900000000000034
"122","validation",NA,62,1,1,TRUE,"ok",-40.4817843030417,-5.05023041962905,-0.0253249154014154,-45.5573396380722,0.007000000000005
"122","validation",NA,63,1,1,TRUE,"ok",-44.3753563390925,-4.36598095995861,-0.0608797075311275,-48.8022170065823,0.0069999999999979
"122","validation",NA,64,1,1,TRUE,"ok",-42.2529700543851,-4.21655502664581,-0.024389154034463,-46.4939142350654,0.00600000000000023
"122","validation",NA,65,1,1,TRUE,"ok",-42.1481180978138,-4.05472684592554,-0.0165419461383755,-46.2193868898777,0.0069999999999979
"122","validation",NA,66,1,1,TRUE,"ok",-41.859224133878,-4.60668226620961,-0.041886009462511,-46.5077924095501,0.0069999999999979
"122","validation",NA,67,1,1,TRUE,"ok",-43.2758670627744,-4.24590655303196,-0.0257969182837467,-47.5475705340901,0.00600000000000023
"122","validation",NA,68,1,1,TRUE,"ok",-43.0986647717873,-3.2771027286976,-0.0660681162573477,-46.4418356167422,0.00600000000000023
"122","validation",NA,69,1,1,TRUE,"ok",-41.9003086968473,-6.42496206247076,-0.028498667016522,-48.3537694263346,0.0069999999999979
"122","validation",NA,70,1,1,TRUE,"ok",-43.4146919093238,-6.4663275401271,-0.014892638255879,-49.8959120877068,0.0069999999999979
"122","validation",NA,71,1,1,TRUE,"ok",-42.9152929925316,-5.42115935899838,-0.0289853638794423,-48.3654377154094,0.00800000000000267
"122","validation",NA,72,1,1,TRUE,"ok",-39.7190918178696,-6.62471576399825,-0.0154095580850278,-46.3592171399529,0.00600000000000023
"122","validation",NA,73,1,1,TRUE,"ok",-40.6226962609693,-3.85288276286797,-0.0284642556526789,-44.50404327949,0.0069999999999979
"122","validation",NA,74,1,1,TRUE,"ok",-40.8460332762853,-8.12727088142715,-0.042093560034208,-49.0153977177467,0.00600000000000023
"122","validation",NA,75,1,1,TRUE,"ok",-45.3643173618887,-3.14703696605277,-0.0386037806982783,-48.5499581086398,0.0069999999999979
"122","validation",NA,76,1,1,TRUE,"ok",-40.7330442435227,-4.17699502390446,-0.0150399643428185,-44.92507923177,0.00799999999999557
"122","validation",NA,77,1,1,TRUE,"ok",-41.3519210699293,-6.94172855408861,-0.0388166010680332,-48.332466225086,0.00799999999999557
"122","validation",NA,78,1,1,TRUE,"ok",-41.3375541355069,-4.72279214757067,-0.0135064262884018,-46.0738527093659,0.0069999999999979
"122","validation",NA,79,1,1,TRUE,"ok",-40.1836795437098,-4.45364419958174,-0.0156163710941569,-44.6529401143857,0.007000000000005
"122","validation",NA,80,1,1,TRUE,"ok",-41.431312844983,-6.35659259118013,-0.0331148160269493,-47.82102025219,0.0069999999999979
"122","validation",NA,81,1,1,TRUE,"ok",-39.5586297480088,-5.34743862506756,-0.0193161437312522,-44.9253845168077,0.0069999999999979
"122","validation",NA,82,1,1,TRUE,"ok",-41.2873871015388,-4.95739203057909,-0.0271608780729103,-46.2719400101908,0.00600000000000023
"122","validation",NA,83,1,1,TRUE,"ok",-44.1859802247391,-5.24369773535,-0.0378298124508917,-49.46750777254,0.00600000000000023
"122","validation",NA,84,1,1,TRUE,"ok",-40.7731076474744,-4.80543190922723,-0.0357863407672241,-45.6143258974688,0.0069999999999979
"122","validation",NA,85,1,1,TRUE,"ok",-39.3468862255031,-4.4572882785419,-0.0185926245000632,-43.8227671285451,0.007000000000005
"122","validation",NA,86,1,1,TRUE,"ok",-44.3764126602023,-4.02919315503428,-0.0206172764297013,-48.4262230916663,0.00600000000000023
"122","validation",NA,87,1,1,TRUE,"ok",-38.8561318338807,-8.8511062825862,-0.0124510226223809,-47.7196891390893,0.00800000000000267
"122","validation",NA,88,1,1,TRUE,"ok",-40.1022083755977,-7.419325207314,-0.00732080346636605,-47.528854386378,0.00600000000000023
"122","validation",NA,89,1,1,TRUE,"ok",-40.3771224918933,-3.82956973222837,-0.0155529498072978,-44.222245173929,0.007000000000005
"122","validation",NA,90,1,1,TRUE,"ok",-42.3416235064323,-5.40862887862092,-0.0372932734132533,-47.7875456584665,0.00600000000000023
"122","validation",NA,91,1,1,TRUE,"ok",-43.5193899809649,-2.84561252727632,-0.0301808999038163,-46.3951834081451,0.00600000000000023
"122","validation",NA,92,1,1,TRUE,"ok",-44.3579548588165,-4.30076129091136,-0.0432627970778848,-48.7019789468058,0.00800000000000267
"122","validation",NA,93,1,1,TRUE,"ok",-48.0265478735211,-5.10692168567764,-0.0350831009306276,-53.1685526601294,0.00600000000000023
"122","validation",NA,94,1,1,TRUE,"ok",-43.8560789526702,-5.66257697184747,-0.0144843496352941,-49.533140274153,0.007000000000005
"122","validation",NA,95,1,1,TRUE,"ok",-45.5957653906162,-7.83446814372424,-0.0743324796276625,-53.5045660139681,0.0069999999999979
"122","validation",NA,96,1,1,TRUE,"ok",-38.9065807345674,-6.89594879273405,-0.0101531515424418,-45.8126826788439,0.00600000000000023
"122","validation",NA,97,1,1,TRUE,"ok",-41.195747488227,-5.88493481674824,-0.0389247071838801,-47.1196070121591,0.00799999999999557
"122","validation",NA,98,1,1,TRUE,"ok",-42.7197216271555,-2.26820771960852,-0.0334734808276794,-45.0214028275917,0.00600000000000023
"122","validation",NA,99,1,1,TRUE,"ok",-42.2563337178758,-4.01298108210043,-0.0324429772565521,-46.3017577772327,0.00600000000000023
"122","validation",NA,100,1,1,TRUE,"ok",-39.2789989818729,-11.4841724842556,-0.00624643410778312,-50.7694179002362,0.00600000000000023
"122","validation",NA,101,1,1,TRUE,"ok",-47.0426168170306,-4.09236311781096,-0.0310208580804552,-51.166000792922,0.00600000000000023
"122","validation",NA,102,1,1,TRUE,"ok",-44.5465262193849,-4.23214688550208,-0.0377201132205149,-48.8163932181075,0.00600000000000023
"122","validation",NA,103,1,1,TRUE,"ok",-40.8614124423336,-6.05394394959711,-0.0255451694863677,-46.9409015614171,0.0069999999999979
"122","validation",NA,104,1,1,TRUE,"ok",-42.235775223276,-4.19581510892187,-0.0206734132464258,-46.4522637454443,0.00600000000000023
"122","validation",NA,105,1,1,TRUE,"ok",-43.7953990770347,-5.06844214698446,-0.0470981556397735,-48.9109393796589,0.0069999999999979
"122","validation",NA,106,1,1,TRUE,"ok",-39.0591358635388,-9.15796558010705,-0.00948948296307253,-48.2265909266089,0.0069999999999979
"122","validation",NA,107,1,1,TRUE,"ok",-43.9578172350543,-7.41703512814768,-0.0198472692843199,-51.3946996324863,0.007000000000005
"122","validation",NA,108,1,1,TRUE,"ok",-40.4586310868067,-4.17358647207308,-0.0334364560263523,-44.6656540149061,0.00799999999999557
"122","validation",NA,109,1,1,TRUE,"ok",-44.6839580614054,-3.08366899601083,-0.0228578920729799,-47.7904849494892,0.0069999999999979
"122","validation",NA,110,1,1,TRUE,"ok",-42.5449643140829,-6.88606729616428,-0.0162066101014244,-49.4472382203486,0.007000000000005
"122","validation",NA,111,1,1,TRUE,"ok",-43.4516703388352,-7.21489189335515,-0.0371526529243236,-50.7037148851147,0.0069999999999979
"122","validation",NA,112,1,1,TRUE,"ok",-41.4944667934225,-5.09493736247808,-0.0167597372910964,-46.6061638931917,0.00800000000000267
"122","validation",NA,113,1,1,TRUE,"ok",-41.4382248834598,-4.98468021173043,-0.0165687074056523,-46.4394738025959,0.00900000000000034
"122","validation",NA,114,1,1,TRUE,"ok",-39.6374343296491,-6.34999407963845,-0.0139071517005781,-46.0013355609882,0.00600000000000023
"122","validation",NA,115,1,1,TRUE,"ok",-41.1100755335652,-5.85996979965866,-0.0203838719773745,-46.9904292052012,0.0069999999999979
"122","validation",NA,116,1,1,TRUE,"ok",-40.6020359776589,-10.2041354050659,-0.00559345672387163,-50.8117648394487,0.00600000000000023
"122","validation",NA,117,1,1,TRUE,"ok",-41.9092001301406,-5.78080460577438,-0.0257283981151311,-47.7157331340302,0.007000000000005
"122","validation",NA,118,1,1,TRUE,"ok",-39.1643863495848,-6.54121701786285,-0.011967674288689,-45.7175710417363,0.00799999999999557
"122","validation",NA,119,1,1,TRUE,"ok",-42.4814216889317,-4.13484138552287,-0.0247318012731077,-46.6409948757276,0.00600000000000023
"122","validation",NA,120,1,1,TRUE,"ok",-44.3322468066646,-3.54331632399146,-0.0389356941144293,-47.9144988247705,0.0069999999999979
"122","validation",NA,121,1,1,TRUE,"ok",-43.4532086204325,-3.70989744751876,-0.0414667329752658,-47.2045728009265,0.00600000000000023
"122","validation",NA,122,1,1,TRUE,"ok",-41.3173708627934,-7.0138073566219,-0.0179693475760185,-48.3491475669913,0.00600000000000023
"122","validation",NA,123,1,1,TRUE,"ok",-40.8577538159809,-5.90986191619039,-0.0135688824094775,-46.7811846145807,0.0069999999999979
"122","validation",NA,124,1,1,TRUE,"ok",-44.6449960489484,-2.58801432364447,-0.0415584936098668,-47.2745688662028,0.0069999999999979
"122","validation",NA,125,1,1,TRUE,"ok",-42.1106999491133,-4.69490004002348,-0.022793143090839,-46.8283931322276,0.00600000000000023
"122","validation",NA,126,1,1,TRUE,"ok",-40.8782763240675,-5.67574782119387,-0.0476253573126912,-46.601649502574,0.00600000000000023
"122","validation",NA,127,1,1,TRUE,"ok",-41.7711810038168,-3.17617952299495,-0.0189681297038733,-44.9663286565157,0.00600000000000023
"122","validation",NA,128,1,1,TRUE,"ok",-40.3224762893582,-6.62660813062783,-0.021099484265486,-46.9701839042516,0.00600000000000023
"122","validation",NA,129,1,1,TRUE,"ok",-41.2977462006719,-6.39746691051017,-0.0125194098419316,-47.707732521024,0.00800000000000267
"122","validation",NA,130,1,1,TRUE,"ok",-39.9398170973948,-9.25898407325151,-0.0138763667074834,-49.2126775373537,0.00600000000000023
"122","validation",NA,131,1,1,TRUE,"ok",-41.5888968251669,-6.54651326620792,-0.0112079158590022,-48.1466180072338,0.007000000000005
"122","validation",NA,132,1,1,TRUE,"ok",-39.4813304610303,-5.31524655191953,-0.0240098390263476,-44.8205868519762,0.00600000000000023
"122","validation",NA,133,1,1,TRUE,"ok",-39.5739627802132,-4.8001810362761,-0.0195808645052824,-44.3937246809946,0.0069999999999979
"122","validation",NA,134,1,1,TRUE,"ok",-40.8044052608576,-6.16743241725124,-0.0268705735078282,-46.9987082516167,0.00900000000000034
"122","validation",NA,135,1,1,TRUE,"ok",-40.1230387084764,-10.1233497624222,-0.0103289507694657,-50.256717421668,0.007000000000005
"122","validation",NA,136,1,1,TRUE,"ok",-43.4409516453198,-3.30657129268106,-0.0302427512118829,-46.7777656892128,0.0069999999999979
"122","validation",NA,137,1,1,TRUE,"ok",-38.7498446757227,-11.4658061175086,-0.0238911586281777,-50.2395419518594,0.0069999999999979
"122","validation",NA,138,1,1,TRUE,"ok",-41.4539216754258,-4.60252676126172,-0.0140590985219263,-46.0705075352095,0.00600000000000023
"122","validation",NA,139,1,1,TRUE,"ok",-37.7384803573565,-12.0802339119806,-0.00496564359335544,-49.8236799129305,0.00800000000000267
"122","validation",NA,140,1,1,TRUE,"ok",-40.3552092193223,-7.34832877635953,-0.0120261601309639,-47.7155641558128,0.0069999999999979
"122","validation",NA,141,1,1,TRUE,"ok",-39.7136462367738,-6.81499697804186,-0.0183561530834387,-46.5469993678991,0.0069999999999979
"122","validation",NA,142,1,1,TRUE,"ok",-44.2110401701035,-4.97708039425109,-0.0407679202097732,-49.2288884845643,0.0069999999999979
"122","validation",NA,143,1,1,TRUE,"ok",-39.9398342987644,-4.98081419296934,-0.0224121437813875,-44.9430606355151,0.007000000000005
"122","validation",NA,144,1,1,TRUE,"ok",-39.5448365487929,-5.34203171540165,-0.0169129699345612,-44.9037812341291,0.0069999999999979
"122","validation",NA,145,1,1,TRUE,"ok",-41.9045734706028,-3.42371665319167,-0.0366961012081004,-45.3649862250025,0.00799999999999557
"122","validation",NA,146,1,1,TRUE,"ok",-42.6095949859036,-4.62517886284568,-0.0296279094327664,-47.2644017581821,0.0069999999999979
"122","validation",NA,147,1,1,TRUE,"ok",-42.4193241872121,-3.6297268534008,-0.0263379854991445,-46.075389026112,0.00600000000000023
"122","validation",NA,148,1,1,TRUE,"ok",-43.6723573705687,-5.55186760683474,-0.0210845320540075,-49.2453095094574,0.00799999999999557
"122","validation",NA,149,1,1,TRUE,"ok",-42.4412960054359,-5.27225219229963,-0.0116745650915435,-47.7252227628271,0.0069999999999979
"122","validation",NA,150,1,1,TRUE,"ok",-40.8731322366078,-3.27121582667664,-0.0282982585355406,-44.17264632182,0.00900000000000034
"122","validation",NA,151,1,1,TRUE,"ok",-42.0605445267857,-2.79275091856118,-0.0273987442600271,-44.8806941896069,0.0069999999999979
"122","validation",NA,152,1,1,TRUE,"ok",-40.4351319014297,-8.04163596241798,-0.0156433777936535,-48.4924112416413,0.0069999999999979
"122","validation",NA,153,1,1,TRUE,"ok",-39.8038681490536,-5.43386267839822,-0.0169100868105241,-45.2546409142623,0.007000000000005
"122","validation",NA,154,1,1,TRUE,"ok",-41.1704262253808,-8.83880790353333,-0.00937239398966347,-50.0186065229038,0.0069999999999979
"122","validation",NA,155,1,1,TRUE,"ok",-40.3955425975096,-5.00888223428666,-0.0224961182993619,-45.4269209500956,0.00800000000000267
"122","validation",NA,156,1,1,TRUE,"ok",-42.4351892509773,-6.59298303157208,-0.0589661643654958,-49.0871384469149,0.00600000000000023
"122","validation",NA,157,1,1,TRUE,"ok",-41.0074765325393,-5.87056875126782,-0.0227359885295336,-46.9007812723366,0.00600000000000023
"122","validation",NA,158,1,1,TRUE,"ok",-39.842657688937,-6.61896866845711,-0.0114699176422466,-46.4730962750363,0.00600000000000023
"122","validation",NA,159,1,1,TRUE,"ok",-40.4302456477888,-4.37024497002392,-0.0241508824680483,-44.8246415002808,0.00600000000000023
"122","validation",NA,160,1,1,TRUE,"ok",-40.839782042604,-7.42452667527669,-0.0144115479629632,-48.2787202658437,0.007000000000005
"122","validation",NA,161,1,1,TRUE,"ok",-42.2454351173398,-5.20381960709637,-0.054715203572421,-47.5039699280086,0.0069999999999979
"122","validation",NA,162,1,1,TRUE,"ok",-40.0039341143396,-8.16850316857041,-0.0154576413925155,-48.1878949243025,0.00600000000000023
"122","validation",NA,163,1,1,TRUE,"ok",-39.7360008080583,-8.34542636629334,-0.0109418928464579,-48.0923690671981,0.00600000000000023
"122","validation",NA,164,1,1,TRUE,"ok",-42.4880851033516,-5.05908481909244,-0.0177225977833141,-47.5648925202273,0.007000000000005
"122","validation",NA,165,1,1,TRUE,"ok",-43.8166409310615,-1.71326066511616,-0.0324652713755229,-45.5623668675532,0.00599999999999312
"122","validation",NA,166,1,1,TRUE,"ok",-41.165669026132,-6.66008755567794,-0.0197760854474228,-47.8455326672574,0.00900000000000034
"122","validation",NA,167,1,1,TRUE,"ok",-40.7449543170311,-3.96202507879326,-0.026130485227488,-44.7331098810518,0.0069999999999979
"122","validation",NA,168,1,1,TRUE,"ok",-38.5894944640813,-10.8717857805111,-0.0105155506475972,-49.47179579524,0.007000000000005
"122","validation",NA,169,1,1,TRUE,"ok",-43.4419957880278,-4.56520862846969,-0.0402677480630517,-48.0474721645605,0.0069999999999979
"122","validation",NA,170,1,1,TRUE,"ok",-40.4721928359472,-5.16962567311663,-0.0198993776018203,-45.6617178866656,0.0069999999999979
"122","validation",NA,171,1,1,TRUE,"ok",-40.1133433411949,-7.87887242538751,-0.0288326347142343,-48.0210484012966,0.00800000000000267
"122","validation",NA,172,1,1,TRUE,"ok",-39.7085418214675,-6.59516036128083,-0.0119764571179216,-46.3156786398662,0.007000000000005
"122","validation",NA,173,1,1,TRUE,"ok",-47.0039179447549,-3.33537391375681,-0.0651599360392938,-50.404451794551,0.00600000000000023
"122","validation",NA,174,1,1,TRUE,"ok",-44.1551367842757,-2.94588924453116,-0.0572738429636221,-47.1582998717705,0.0069999999999979
"122","validation",NA,175,1,1,TRUE,"ok",-39.9257962903147,-7.59311133437497,-0.0136483267118464,-47.5325559514015,0.0069999999999979
"122","validation",NA,176,1,1,TRUE,"ok",-42.3648355002237,-5.47128387407587,-0.0367454997652141,-47.8728648740648,0.007000000000005
"122","validation",NA,177,1,1,TRUE,"ok",-44.0762883799144,-6.92751019093424,-0.107380858160705,-51.1111794290093,0.007000000000005
"122","validation",NA,178,1,1,TRUE,"ok",-40.1686321933715,-4.7153964641089,-0.0260225065518923,-44.9100511640323,0.0069999999999979
"122","validation",NA,179,1,1,TRUE,"ok",-41.9874406938437,-3.14389435243219,-0.0230290787676568,-45.1543641250435,0.0069999999999979
"122","validation",NA,180,1,1,TRUE,"ok",-43.2513454232054,-4.91545580530929,-0.0269575757040785,-48.1937588042188,0.007000000000005
"122","validation",NA,181,1,1,TRUE,"ok",-39.0513982912258,-8.22965160037077,-0.0100311141407371,-47.2910810057373,0.0069999999999979
"122","validation",NA,182,1,1,TRUE,"ok",-40.8658599005983,-5.97129851696093,-0.0417839836115127,-46.8789424011707,0.00900000000000034
"122","validation",NA,183,1,1,TRUE,"ok",-43.1798212665109,-2.88441457599215,-0.0265547492475535,-46.0907905917507,0.00600000000000023
"122","validation",NA,184,1,1,TRUE,"ok",-44.5023843414447,-5.93344913782021,-0.02835392761502,-50.4641874068799,0.0069999999999979
"122","validation",NA,185,1,1,TRUE,"ok",-42.4774487839159,-4.79696360141522,-0.0278936598301655,-47.3023060451613,0.0069999999999979
"122","validation",NA,186,1,1,TRUE,"ok",-41.2581219949889,-4.72093144122666,-0.0134729582425044,-45.9925263944581,0.007000000000005
"122","validation",NA,187,1,1,TRUE,"ok",-39.4319432414055,-6.21168929117863,-0.014631930124679,-45.6582644627088,0.00900000000000034
"122","validation",NA,188,1,1,TRUE,"ok",-44.0321631455966,-5.20174288401684,-0.0426307279967693,-49.2765367576103,0.0069999999999979
"122","validation",NA,189,1,1,TRUE,"ok",-43.8941367122053,-3.54825363051653,-0.0742000476617337,-47.5165903903836,0.0069999999999979
"122","validation",NA,190,1,1,TRUE,"ok",-41.030964624822,-8.75650650806834,-0.0107586113070661,-49.7982297441974,0.0069999999999979
"122","validation",NA,191,1,1,TRUE,"ok",-42.5472373388991,-3.09677446557777,-0.0355027976468993,-45.6795146021238,0.007000000000005
"122","validation",NA,192,1,1,TRUE,"ok",-40.0468148021799,-8.09582499918845,-0.0271541299937864,-48.1697939313621,0.00900000000000034
"122","validation",NA,193,1,1,TRUE,"ok",-38.7197866636631,-8.8436614710502,-0.00799898187942428,-47.5714471165927,0.00600000000000023
"122","validation",NA,194,1,1,TRUE,"ok",-39.0078110429146,-9.45821159317448,-0.0160713493994952,-48.4820939854886,0.0069999999999979
"122","validation",NA,195,1,1,TRUE,"ok",-41.6103918006132,-3.59614602143439,-0.0311157579073359,-45.237653579955,0.007000000000005
"122","validation",NA,196,1,1,TRUE,"ok",-44.0558227851477,-3.76331318441374,-0.0518166532355083,-47.8709526227969,0.0069999999999979
"122","validation",NA,197,1,1,TRUE,"ok",-42.5856672436569,-6.397135598587,-0.0522491644474135,-49.0350520066914,0.00600000000000023
"122","validation",NA,198,1,1,TRUE,"ok",-41.7830471629442,-9.25925376161642,-0.012895406991482,-51.0551963315521,0.00900000000000034
"122","validation",NA,199,1,1,TRUE,"ok",-46.3827950741307,-3.55073314548613,-0.0256786473309971,-49.9592068669478,0.0069999999999979
"122","validation",NA,200,1,1,TRUE,"ok",-42.1074158267635,-6.92560102455715,-0.0195582140325863,-49.0525750653532,0.007000000000005
"122","validation",NA,201,1,1,TRUE,"ok",-41.0720244203484,-7.1266393040703,-0.0151347711371751,-48.2137984955559,0.00600000000000023
"122","validation",NA,202,1,1,TRUE,"ok",-42.5742092577449,-2.74055271459582,-0.0199550646272567,-45.3347170369679,0.007000000000005
"122","validation",NA,203,1,1,TRUE,"ok",-47.6034431749374,-5.60934523186449,-0.0323677500619721,-53.2451561568638,0.00900000000000034
"122","validation",NA,204,1,1,TRUE,"ok",-41.887205476805,-3.97227783592125,-0.0222465689205029,-45.8817298816467,0.00799999999999557
"122","validation",NA,205,1,1,TRUE,"ok",-41.4403310975468,-6.33052314910893,-0.0219729121988335,-47.7928271588546,0.00800000000000267
"122","validation",NA,206,1,1,TRUE,"ok",-45.6958775860276,-5.27154050185695,-0.0161990358703844,-50.9836171237549,0.007000000000005
"122","validation",NA,207,1,1,TRUE,"ok",-40.1418180520577,-4.49351691345506,-0.0246187262679914,-44.6599536917808,0.00600000000000023
"122","validation",NA,208,1,1,TRUE,"ok",-40.697471833672,-7.37595775989591,-0.0199859895386009,-48.0934155831065,0.00800000000000267
"122","validation",NA,209,1,1,TRUE,"ok",-39.8876452265137,-4.80708589655776,-0.024546023421333,-44.7192771464928,0.00600000000000023
"122","validation",NA,210,1,1,TRUE,"ok",-44.0514420713015,-9.80924953488685,-0.0100238748265173,-53.8707154810149,0.00600000000000023
"122","validation",NA,211,1,1,TRUE,"ok",-41.6423151586346,-4.27570396680817,-0.0121747394640401,-45.9301938649068,0.00600000000000023
"122","validation",NA,212,1,1,TRUE,"ok",-43.6919257899915,-2.19987944459151,-0.0511914267968955,-45.9429966613799,0.0069999999999979
"122","validation",NA,213,1,1,TRUE,"ok",-40.5127608877012,-4.79168936983426,-0.0258156163611881,-45.3302658738967,0.0069999999999979
"122","validation",NA,214,1,1,TRUE,"ok",-42.6500430460812,-5.45064199729162,-0.013690216895613,-48.1143752602685,0.0069999999999979
"122","validation",NA,215,1,1,TRUE,"ok",-44.18122349969,-4.85664883377027,-0.0562996201251137,-49.0941719535854,0.0069999999999979
"122","validation",NA,216,1,1,TRUE,"ok",-38.9780080251347,-7.97642721809839,-0.0128730090750005,-46.9673082523081,0.007000000000005
"122","validation",NA,217,1,1,TRUE,"ok",-42.1581319252557,-5.05984899608665,-0.0215877955962139,-47.2395687169386,0.0069999999999979
"122","validation",NA,218,1,1,TRUE,"ok",-41.5928916947127,-4.87385191938124,-0.0320752837712571,-46.4988188978652,0.0069999999999979
"122","validation",NA,219,1,1,TRUE,"ok",-39.9825113950654,-4.96201885244569,-0.0236093972269019,-44.968139644738,0.00800000000000267
"122","validation",NA,220,1,1,TRUE,"ok",-41.3218319479331,-5.98307264955977,-0.0191478185804409,-47.3240524160733,0.0069999999999979
"122","validation",NA,221,1,1,TRUE,"ok",-42.3629972092349,-5.63283623270537,-0.0330859878051096,-48.0289194297454,0.0069999999999979
"122","validation",NA,222,1,1,TRUE,"ok",-44.5357128420651,-5.44017083093065,-0.0380784431795556,-50.0139621161753,0.007000000000005
"122","validation",NA,223,1,1,TRUE,"ok",-38.5509695380461,-7.53342567636367,-0.013030922164298,-46.0974261365741,0.0069999999999979
"122","validation",NA,224,1,1,TRUE,"ok",-44.208883941502,-6.51863538800327,-0.0692689445320104,-50.7967882740373,0.00800000000000267
"122","validation",NA,225,1,1,TRUE,"ok",-44.479928412019,-2.0461443468592,-0.0511059760731944,-46.5771787349514,0.00600000000000023
"122","validation",NA,226,1,1,TRUE,"ok",-41.6355383136197,-7.87760179394502,-0.0253948000332094,-49.5385349075979,0.00600000000000023
"122","validation",NA,227,1,1,TRUE,"ok",-41.6861226886901,-7.05555469245197,-0.0234413672751505,-48.7651187484172,0.00600000000000023
"122","validation",NA,228,1,1,TRUE,"ok",-42.0441655495053,-5.39483183169739,-0.0220539557551001,-47.4610513369578,0.00600000000000023
"122","validation",NA,229,1,1,TRUE,"ok",-40.8459603108779,-8.91989795811342,-0.0108620582847646,-49.7767203272761,0.00800000000000267
"122","validation",NA,230,1,1,TRUE,"ok",-42.5392867042256,-5.54600794630418,-0.0420434223616636,-48.1273380728915,0.0069999999999979
"122","validation",NA,231,1,1,TRUE,"ok",-42.6444155179004,-5.6460730416192,-0.0154310124223661,-48.3059195719419,0.0069999999999979
"122","validation",NA,232,1,1,TRUE,"ok",-40.5200959837712,-3.27329688927831,-0.0296032513377148,-43.8229961243872,0.00600000000000023
"122","validation",NA,233,1,1,TRUE,"ok",-39.3374486258587,-6.9439705566341,-0.0126686209244877,-46.2940878034173,0.0069999999999979
"122","validation",NA,234,1,1,TRUE,"ok",-40.5523383409342,-9.68674867280955,-0.0295497451379793,-50.2686367588817,0.00900000000000034
"122","validation",NA,235,1,1,TRUE,"ok",-41.048360081046,-5.38268377133038,-0.018827482439449,-46.4498713348159,0.0069999999999979
"122","validation",NA,236,1,1,TRUE,"ok",-39.7872048968915,-5.2194300650847,-0.0138106604255919,-45.0204456224018,0.00799999999999557
"122","validation",NA,237,1,1,TRUE,"ok",-39.338636426124,-12.0078012063224,-0.0045226159922625,-51.3509602484387,0.0069999999999979
"122","validation",NA,238,1,1,TRUE,"ok",-40.4614299042322,-4.30604499210718,-0.0242383518156413,-44.791713248155,0.007000000000005
"122","validation",NA,239,1,1,TRUE,"ok",-39.2803079817305,-6.41363177973084,-0.00910967955588668,-45.7030494410172,0.00800000000000267
"122","validation",NA,240,1,1,TRUE,"ok",-41.7403131036397,-5.32050976675397,-0.0258573494494061,-47.0866802198431,0.00900000000000034
"122","validation",NA,241,1,1,TRUE,"ok",-40.4132198715367,-6.74390454471818,-0.0186621089950683,-47.1757865252499,0.00600000000000023
"122","validation",NA,242,1,1,TRUE,"ok",-40.1527426832784,-7.67836462368557,-0.0143290008938277,-47.8454363078578,0.0069999999999979
"122","validation",NA,243,1,1,TRUE,"ok",-40.8853982184152,-3.27418927393497,-0.0207972653977757,-44.1803847577479,0.0069999999999979
"122","validation",NA,244,1,1,TRUE,"ok",-44.0002412835033,-4.36541123969178,-0.0292944467894804,-48.3949469699846,0.0069999999999979
"122","validation",NA,245,1,1,TRUE,"ok",-39.5703504790105,-5.76008823470634,-0.0185073240914122,-45.3489460378082,0.00900000000000034
"122","validation",NA,246,1,1,TRUE,"ok",-40.1255516225299,-5.28191006173686,-0.0184734382515645,-45.4259351225184,0.0069999999999979
"122","validation",NA,247,1,1,TRUE,"ok",-43.9598662347076,-5.32466999662777,-0.026447079370063,-49.3109833107055,0.007000000000005
"122","validation",NA,248,1,1,TRUE,"ok",-42.7066064291279,-3.87035814515198,-0.0247457189701042,-46.60171029325,0.0069999999999979
"122","validation",NA,249,1,1,TRUE,"ok",-39.8748929531895,-4.31354297210535,-0.0244758288856663,-44.2129117541805,0.0069999999999979
"122","validation",NA,250,1,1,TRUE,"ok",-44.1964441651735,-5.66555006839814,-0.0109285621656372,-49.8729227957373,0.007000000000005
"122","validation",NA,251,1,1,TRUE,"ok",-39.1931849150294,-8.23919371889593,-0.00838156725666357,-47.440760201182,0.0069999999999979
"122","validation",NA,252,1,1,TRUE,"ok",-40.7063864526027,-3.76971891587866,-0.0205529020644337,-44.4966582705458,0.00600000000000023
"122","validation",NA,253,1,1,TRUE,"ok",-46.434479548723,-3.41729976513934,-0.0401770455177075,-49.89195635938,0.007000000000005
"122","validation",NA,254,1,1,TRUE,"ok",-40.731796941689,-3.63160488420798,-0.0183460944894457,-44.3817479203865,0.00600000000000023
"122","validation",NA,255,1,1,TRUE,"ok",-40.7560860279903,-9.57140339009727,-0.0218884150895282,-50.3493778331771,0.00800000000000267
"122","validation",NA,256,1,1,TRUE,"ok",-43.8892643228003,-5.67123788106239,-0.0239708799417729,-49.5844730838045,0.00600000000000023
"122","validation",NA,257,1,1,TRUE,"ok",-41.1339286298607,-9.87797708288977,-0.0295896852438453,-51.0414953979943,0.00500000000000256
"122","validation",NA,258,1,1,TRUE,"ok",-43.983246895015,-2.37769308525415,-0.024486818049125,-46.3854267983183,0.00600000000000023
"122","validation",NA,259,1,1,TRUE,"ok",-44.4756634925356,-4.43578871400838,-0.0285040824086745,-48.9399562889527,0.0069999999999979
"122","validation",NA,260,1,1,TRUE,"ok",-41.0002622364329,-6.71993504088488,-0.0229192958666846,-47.7431165731844,0.0069999999999979
"122","validation",NA,261,1,1,TRUE,"ok",-41.0970827754993,-5.18043646129881,-0.00921382217143195,-46.2867330589696,0.0100000000000051
"122","validation",NA,262,1,1,TRUE,"ok",-40.7962944723543,-4.21337839341677,-0.0386066069351095,-45.0482794727062,0.00600000000000023
"122","validation",NA,263,1,1,TRUE,"ok",-41.3177917121017,-5.2381334641199,-0.02183125434624,-46.5777564305678,0.007000000000005
"122","validation",NA,264,1,1,TRUE,"ok",-42.5079543791528,-5.07764317591855,-0.0202699671109467,-47.6058675221823,0.0069999999999979
"122","validation",NA,265,1,1,TRUE,"ok",-41.3486555475249,-8.32967670409784,-0.028726912218226,-49.707059163841,0.0069999999999979
"122","validation",NA,266,1,1,TRUE,"ok",-38.9952404820176,-8.45653542276728,-0.025033064625324,-47.4768089694102,0.00800000000000267
"122","validation",NA,267,1,1,TRUE,"ok",-41.6281315934483,-3.74793410222864,-0.0238957661075164,-45.3999614617844,0.00600000000000023
"122","validation",NA,268,1,1,TRUE,"ok",-40.649232636562,-6.55449961958556,-0.0160943443383635,-47.2198266004859,0.00600000000000023
"122","validation",NA,269,1,1,TRUE,"ok",-41.7029835033919,-4.64147140043195,-0.0247690596394258,-46.3692239634632,0.00600000000000023
"122","validation",NA,270,1,1,TRUE,"ok",-43.3843844514408,-5.60593560591495,-0.0272716699771845,-49.0175917273329,0.00600000000000023
"122","validation",NA,271,1,1,TRUE,"ok",-41.3115015538172,-6.97843999249231,-0.0443623462223121,-48.3343038925318,0.00800000000000267
"122","validation",NA,272,1,1,TRUE,"ok",-43.5308567694794,-5.89184327195091,-0.0471325023121999,-49.4698325437425,0.00600000000000023
"122","validation",NA,273,1,1,TRUE,"ok",-41.4639276428202,-4.28200306897407,-0.0205228373280928,-45.7664535491224,0.00600000000000023
"122","validation",NA,274,1,1,TRUE,"ok",-42.9028365820112,-6.23098079541078,-0.0581794212519921,-49.191996798674,0.00600000000000023
"122","validation",NA,275,1,1,TRUE,"ok",-41.1850706099799,-5.8825226904594,-0.0255179392362092,-47.0931112396755,0.00600000000000023
"122","validation",NA,276,1,1,TRUE,"ok",-40.3556765715201,-6.60358421457135,-0.0102308375469947,-46.9694916236385,0.0069999999999979
"122","validation",NA,277,1,1,TRUE,"ok",-41.9178446061693,-3.23689501160987,-0.0344268687946603,-45.1891664865738,0.0069999999999979
"122","validation",NA,278,1,1,TRUE,"ok",-43.4281938268691,-3.46720421929325,-0.0230977748385109,-46.9184958210009,0.00600000000000023
"122","validation",NA,279,1,1,TRUE,"ok",-41.3536359309537,-4.4734661417721,-0.025617121080348,-45.8527191938061,0.00600000000000023
"122","validation",NA,280,1,1,TRUE,"ok",-45.4719531928831,-7.40768525203384,-0.0541663618961954,-52.9338048068132,0.00600000000000023
"122","validation",NA,281,1,1,TRUE,"ok",-41.5184790273959,-3.45449602642157,-0.0267867106710492,-44.9997617644885,0.00600000000000023
"122","validation",NA,282,1,1,TRUE,"ok",-39.6332991262809,-5.25028827378958,-0.0167996247283431,-44.9003870247988,0.00799999999999557
"122","validation",NA,283,1,1,TRUE,"ok",-40.0775942648176,-4.96631182457656,-0.0216331819535308,-45.0655392713477,0.007000000000005
"122","validation",NA,284,1,1,TRUE,"ok",-39.3097888367604,-8.21460192381067,-0.00627276419125709,-47.5306635247623,0.0069999999999979
"122","validation",NA,285,1,1,TRUE,"ok",-47.5990407036513,-0.755239547243114,-0.0567168545187075,-48.4109971054131,0.0069999999999979
"122","validation",NA,286,1,1,TRUE,"ok",-42.0875139228561,-5.38156128519157,-0.0256920905256884,-47.4947672985734,0.0069999999999979
"122","validation",NA,287,1,1,TRUE,"ok",-45.8414923264683,-3.33234252186132,-0.038752863932011,-49.2125877122617,0.00900000000000034
"122","validation",NA,288,1,1,TRUE,"ok",-41.6465517328014,-9.99494129783124,-0.0128752938302389,-51.6543683244629,0.0069999999999979
"122","validation",NA,289,1,1,TRUE,"ok",-42.4637139630223,-4.4203296306819,-0.0263664845335562,-46.9104100782378,0.00600000000000023
"122","validation",NA,290,1,1,TRUE,"ok",-41.6616881152296,-3.01671830532611,-0.0242556885013461,-44.702662109057,0.0069999999999979
"122","validation",NA,291,1,1,TRUE,"ok",-40.1527511547356,-5.6814749699727,-0.0195084611841125,-45.8537345858925,0.007000000000005
"122","validation",NA,292,1,1,TRUE,"ok",-44.9537378098095,-3.90031132003813,-0.0500085873519804,-48.9040577171996,0.00900000000000034
"122","validation",NA,293,1,1,TRUE,"ok",-41.0128959232432,-6.20042086954035,-0.0194892146129614,-47.2328060073965,0.0069999999999979
"122","validation",NA,294,1,1,TRUE,"ok",-42.1315515551529,-8.84215442633529,-0.0109921471434288,-50.9846981286317,0.007000000000005
"122","validation",NA,295,1,1,TRUE,"ok",-42.2990706283072,-5.44784564921811,-0.026775186221671,-47.773691463747,0.0069999999999979
"122","validation",NA,296,1,1,TRUE,"ok",-39.5019003547451,-4.65760436363906,-0.014314699140591,-44.1738194175247,0.0069999999999979
"122","validation",NA,297,1,1,TRUE,"ok",-39.8914190069428,-9.16316733597639,-0.00801720113397817,-49.0626035440531,0.007000000000005
"122","validation",NA,298,1,1,TRUE,"ok",-40.2843910228842,-5.67058028396128,-0.0204307732345942,-45.97540208008,0.00800000000000267
"122","validation",NA,299,1,1,TRUE,"ok",-42.6547002640915,-6.55453958300933,-0.0151458682362417,-49.2243857153371,0.0069999999999979
"122","validation",NA,300,1,1,TRUE,"ok",-41.1156983826678,-4.29753987135623,-0.0183760284829086,-45.431614282507,0.0069999999999979
"122","validation",NA,301,1,1,TRUE,"ok",-39.6381753183684,-8.07900282815992,-0.0126634548683877,-47.7298416013967,0.0069999999999979
"122","validation",NA,302,1,1,TRUE,"ok",-41.4198389074056,-7.9353488550003,-0.0188539762690997,-49.374041738675,0.007000000000005
"122","validation",NA,303,1,1,TRUE,"ok",-40.99169146017,-5.35946943674614,-0.0142696525912853,-46.3654305495074,0.00900000000000034
"122","validation",NA,304,1,1,TRUE,"ok",-41.0924630968726,-5.33251959554089,-0.0135062927538427,-46.4384889851673,0.007000000000005
"122","validation",NA,305,1,1,TRUE,"ok",-42.123259050269,-7.41227918298112,-0.0182259330697656,-49.5537641663199,0.00800000000000267
"122","validation",NA,306,1,1,TRUE,"ok",-39.5537367012319,-7.23201005552439,-0.0200459083102955,-46.8057926650666,0.0069999999999979
"122","validation",NA,307,1,1,TRUE,"ok",-41.2983595290952,-4.74918218780922,-0.0269826656487325,-46.0745243825532,0.0069999999999979
"122","validation",NA,308,1,1,TRUE,"ok",-38.4204169758524,-9.58978426756091,-0.0121655580119594,-48.0223668014252,0.00800000000000267
"122","validation",NA,309,1,1,TRUE,"ok",-41.7281695318373,-5.17179425894705,-0.0303412670384167,-46.9303050578228,0.0069999999999979
"122","validation",NA,310,1,1,TRUE,"ok",-40.8082230972785,-5.86611060499919,-0.0188277594596284,-46.6931614617373,0.0069999999999979
"122","validation",NA,311,1,1,TRUE,"ok",-47.8652261251291,-2.38727992313232,-0.0435100788847665,-50.2960161271462,0.007000000000005
"122","validation",NA,312,1,1,TRUE,"ok",-40.5528491433957,-6.70701572313243,-0.0203571288359813,-47.2802219953641,0.0069999999999979
"122","validation",NA,313,1,1,TRUE,"ok",-38.6213244358557,-10.8724655812781,-0.00792335593391963,-49.5017133730678,0.0069999999999979
"122","validation",NA,314,1,1,TRUE,"ok",-43.7016006176323,-4.60379055321449,-0.0314158536005466,-48.3368070244473,0.0069999999999979
"122","validation",NA,315,1,1,TRUE,"ok",-42.5998880015205,-3.68955221558067,-0.023158399604083,-46.3125986167052,0.0069999999999979
"122","validation",NA,316,1,1,TRUE,"ok",-42.3014825965632,-5.55961593513457,-0.0229843693608877,-47.8840829010586,0.0069999999999979
"122","validation",NA,317,1,1,TRUE,"ok",-45.5654939222627,-2.43116823330931,-0.0432773211325211,-48.0399394767045,0.007000000000005
"122","validation",NA,318,1,1,TRUE,"ok",-40.5899280053034,-4.18973063157537,-0.0276092353277856,-44.8072678722065,0.0069999999999979
"122","validation",NA,319,1,1,TRUE,"ok",-39.950691650407,-4.01857945019254,-0.0164405727444213,-43.985711673344,0.00799999999999557
"122","validation",NA,320,1,1,TRUE,"ok",-44.6232779338194,-5.00740394118832,-0.0334989642817614,-49.6641808392895,0.0069999999999979
"122","validation",NA,321,1,1,TRUE,"ok",-44.5117391157748,-6.09819947830819,-0.0339630383456625,-50.6439016324286,0.007000000000005
"122","validation",NA,322,1,1,TRUE,"ok",-43.6163871987726,-5.61740437166708,-0.0146560786292432,-49.2484476490689,0.0069999999999979
"122","validation",NA,323,1,1,TRUE,"ok",-40.8314906050153,-6.48122143374831,-0.0172542167671465,-47.3299662555308,0.0069999999999979
"122","validation",NA,324,1,1,TRUE,"ok",-42.0901661922622,-3.43229058034806,-0.0257522058645929,-45.5482089784748,0.00800000000000267
"122","validation",NA,325,1,1,TRUE,"ok",-42.3711311352688,-2.77864958194154,-0.0226119788990505,-45.1723926961093,0.0069999999999979
"122","validation",NA,326,1,1,TRUE,"ok",-43.8687528635557,-8.39776260744374,-0.0642643424081925,-52.3307798134077,0.007000000000005
"122","validation",NA,327,1,1,TRUE,"ok",-44.5484881405282,-4.37387576893771,-0.0548648050924249,-48.9772287145583,0.0069999999999979
"122","validation",NA,328,1,1,TRUE,"ok",-42.0691983896201,-2.57922619088242,-0.0408844530543363,-44.6893090335569,0.0069999999999979
"122","validation",NA,329,1,1,TRUE,"ok",-39.8809481203775,-7.30539170578275,-0.0145423195621825,-47.2008821457224,0.00800000000000267
"122","validation",NA,330,1,1,TRUE,"ok",-40.5374480396031,-5.72890390731358,-0.0289541859307865,-46.2953061328474,0.00600000000000023
"122","validation",NA,331,1,1,TRUE,"ok",-42.0810882077074,-5.66971619667203,-0.0240738399704281,-47.7748782443499,0.00599999999999312
"122","validation",NA,332,1,1,TRUE,"ok",-40.9205904826504,-8.00639337656849,-0.0117978286430014,-48.9387816878619,0.00600000000000023
"122","validation",NA,333,1,1,TRUE,"ok",-40.1375632660123,-9.1670909749638,-0.0118994416725508,-49.3165536826487,0.00600000000000023
"122","validation",NA,334,1,1,TRUE,"ok",-43.3977082376979,-3.12200989243212,-0.0396235041696094,-46.5593416342996,0.00800000000000267
"122","validation",NA,335,1,1,TRUE,"ok",-41.9466887135279,-10.9431466995134,-0.0497321151543076,-52.9395675281957,0.00600000000000023
"122","validation",NA,336,1,1,TRUE,"ok",-45.3675671892301,-2.0893991693424,-0.0406679608400765,-47.4976343194126,0.00600000000000023
"122","validation",NA,337,1,1,TRUE,"ok",-40.4923566608054,-4.96396341390985,-0.0172808858144039,-45.4736009605297,0.00600000000000023
"122","validation",NA,338,1,1,TRUE,"ok",-42.8165743612629,-3.91421222886351,-0.0169784188245265,-46.7477650089509,0.007000000000005
"122","validation",NA,339,1,1,TRUE,"ok",-39.6155364895951,-6.81756511996618,-0.0131017709813542,-46.4462033805427,0.00799999999999557
"122","validation",NA,340,1,1,TRUE,"ok",-40.8927353107168,-6.51569985272879,-0.0146006665684613,-47.423035830014,0.007000000000005
"122","validation",NA,341,1,1,TRUE,"ok",-44.7283057135398,-4.84205738714842,-0.0445097885774222,-49.6148728892656,0.0069999999999979
"122","validation",NA,342,1,1,TRUE,"ok",-40.5012601572378,-7.66445003837163,-0.0261323415904249,-48.1918425371999,0.0069999999999979
"122","validation",NA,343,1,1,TRUE,"ok",-40.2285331866468,-5.02595464503442,-0.0140226871313956,-45.2685105188126,0.007000000000005
"122","validation",NA,344,1,1,TRUE,"ok",-43.0382498328341,-10.046752853598,-0.00525991981645131,-53.0902626062486,0.0069999999999979
"122","validation",NA,345,1,1,TRUE,"ok",-41.4495593565762,-6.50417949164339,-0.0147105790257344,-47.9684494272453,0.0069999999999979
"122","validation",NA,346,1,1,TRUE,"ok",-40.7122784770477,-4.54841810485311,-0.0259560951996351,-45.2866526771005,0.0069999999999979
"122","validation",NA,347,1,1,TRUE,"ok",-40.2968142169337,-5.49778180998859,-0.0167618644766474,-45.811357891399,0.00600000000000023
"122","validation",NA,348,1,1,TRUE,"ok",-44.1064532019759,-8.73390282834843,-0.0534216858829117,-52.8937777162072,0.00800000000000267
"122","validation",NA,349,1,1,TRUE,"ok",-40.1405494047985,-6.0326149340041,-0.0141031587638016,-46.1872674975664,0.00800000000000267
"122","validation",NA,350,1,1,TRUE,"ok",-44.1507697785544,-7.00729569438071,-0.0566268737759873,-51.2146923467111,0.00900000000000034
"122","validation",NA,351,1,1,TRUE,"ok",-40.5191448062939,-7.97923472896031,-0.0234695102306705,-48.5218490454849,0.00600000000000023
"122","validation",NA,352,1,1,TRUE,"ok",-38.22317057022,-8.40634273123983,-0.011994677059887,-46.6415079785197,0.0069999999999979
"122","validation",NA,353,1,1,TRUE,"ok",-41.5597641769334,-4.51006929871281,-0.0182409485127847,-46.088074424159,0.007000000000005
"122","validation",NA,354,1,1,TRUE,"ok",-43.8696920435158,-2.80987118091549,-0.0335931547088601,-46.7131563791402,0.0069999999999979
"122","validation",NA,355,1,1,TRUE,"ok",-39.2169922450897,-8.21218464749416,-0.0103497098885031,-47.4395266024724,0.00800000000000267
"122","validation",NA,356,1,1,TRUE,"ok",-40.7064645224573,-6.63526756823091,-0.017746635374696,-47.3594787260629,0.00500000000000256
"122","validation",NA,357,1,1,TRUE,"ok",-41.28809616662,-6.56343628989522,-0.0127543473998023,-47.864286803915,0.0069999999999979
"122","validation",NA,358,1,1,TRUE,"ok",-42.7931821772759,-4.16041780627552,-0.0203795522838063,-46.9739795358352,0.007000000000005
"122","validation",NA,359,1,1,TRUE,"ok",-42.7321410413506,-9.88094538208906,-0.0236569785148865,-52.6367434019546,0.00600000000000023
"122","validation",NA,360,1,1,TRUE,"ok",-41.1026373645386,-4.76178545975882,-0.0253352033170928,-45.8897580276145,0.007000000000005
"122","validation",NA,361,1,1,TRUE,"ok",-42.4249591151886,-7.26636423082298,-0.0379758044822746,-49.7292991504939,0.00600000000000023
"122","validation",NA,362,1,1,TRUE,"ok",-42.4860026367224,-5.58902035758099,-0.0257779083906453,-48.100800902694,0.00600000000000023
"122","validation",NA,363,1,1,TRUE,"ok",-42.8730370213317,-2.91591891909577,-0.0320387631262941,-45.8209947035538,0.00600000000000023
"122","validation",NA,364,1,1,TRUE,"ok",-41.3778119063389,-3.521126827741,-0.0163007493823052,-44.9152394834622,0.00600000000000023
"122","validation",NA,365,1,1,TRUE,"ok",-43.688774787924,-6.31083810426928,-0.0182018262849663,-50.0178147184782,0.00600000000000023
"122","validation",NA,366,1,1,TRUE,"ok",-39.656715792949,-6.8362239392075,-0.0178392116496354,-46.5107789438061,0.00900000000000034
"122","validation",NA,367,1,1,TRUE,"ok",-47.0710611130387,-3.37383576296011,-0.0205039122173207,-50.4654007882161,0.007000000000005
"122","validation",NA,368,1,1,TRUE,"ok",-40.2598659858612,-8.80498525927802,-0.0262093413055352,-49.0910605864448,0.0069999999999979
"122","validation",NA,369,1,1,TRUE,"ok",-41.5932611287704,-4.19676047030888,-0.023628083556986,-45.8136496826363,0.0069999999999979
"122","validation",NA,370,1,1,TRUE,"ok",-42.1685062500629,-2.27314229012122,-0.0325429391869278,-44.474191479371,0.007000000000005
"122","validation",NA,371,1,1,TRUE,"ok",-40.5603632739829,-6.72541136456331,-0.0109697627087074,-47.2967444012549,0.00900000000000034
"122","validation",NA,372,1,1,TRUE,"ok",-39.5359772080984,-8.02315143329005,-0.00784753451768932,-47.5669761759061,0.0069999999999979
"122","validation",NA,373,1,1,TRUE,"ok",-41.0050570429738,-4.59096122463629,-0.0260591596252727,-45.6220774272354,0.007000000000005
"122","validation",NA,374,1,1,TRUE,"ok",-38.8290302155212,-8.23870624831946,-0.0106564631255114,-47.0783929269661,0.0069999999999979
"122","validation",NA,375,1,1,TRUE,"ok",-42.7419501937662,-3.215096745721,-0.0453187380277146,-46.0023656775149,0.0069999999999979
"122","validation",NA,376,1,1,TRUE,"ok",-39.8856092380664,-5.42729882603488,-0.0133611827189954,-45.3262692468203,0.00900000000000034
"122","validation",NA,377,1,1,TRUE,"ok",-41.8510795692935,-5.65337289864316,-0.0179119131350988,-47.5223643810718,0.007000000000005
"122","validation",NA,378,1,1,TRUE,"ok",-48.2315845352901,-1.43422318294646,-0.0666298586315073,-49.7324375768681,0.0069999999999979
"122","validation",NA,379,1,1,TRUE,"ok",-41.196421839465,-6.46504437110415,-0.0141470561143189,-47.6756132666834,0.0069999999999979
"122","validation",NA,380,1,1,TRUE,"ok",-44.9321954974701,-4.03749475484597,-0.0407444423720586,-49.0104346946882,0.0069999999999979
"122","validation",NA,381,1,1,TRUE,"ok",-40.5040343482812,-6.1030283732011,-0.0162477207022207,-46.6233104421845,0.00799999999999557
"122","validation",NA,382,1,1,TRUE,"ok",-40.6294702939143,-7.52022044760054,-0.00946038863879847,-48.1591511301537,0.0069999999999979
"122","validation",NA,383,1,1,TRUE,"ok",-40.3259388506793,-5.919499929291,-0.0222960925373321,-46.2677348725077,0.00600000000000023
"122","validation",NA,384,1,1,TRUE,"ok",-39.4716144358676,-7.12354167416494,-0.0166699883199915,-46.6118260983526,0.00799999999999557
"122","validation",NA,385,1,1,TRUE,"ok",-40.2474157188432,-6.66087053021851,-0.0115959806216832,-46.9198822296834,0.0069999999999979
"122","validation",NA,386,1,1,TRUE,"ok",-44.345005855094,-3.2034636109925,-0.0288886169915923,-47.5773580830781,0.007000000000005
"122","validation",NA,387,1,1,TRUE,"ok",-40.2745668563346,-6.89285701442596,-0.0135603963238634,-47.1809842670844,0.0069999999999979
"122","validation",NA,388,1,1,TRUE,"ok",-40.0392616540121,-4.12308231872631,-0.0176160802149713,-44.1799600529534,0.0069999999999979
"122","validation",NA,389,1,1,TRUE,"ok",-40.8152803532331,-5.96152368160314,-0.0189273387672392,-46.7957313736035,0.00600000000000023
"122","validation",NA,390,1,1,TRUE,"ok",-43.2288627258424,-4.32855581583293,-0.0298100703708763,-47.5872286120462,0.00600000000000023
"122","validation",NA,391,1,1,TRUE,"ok",-40.5034931858231,-3.69365485537055,-0.0257988925975621,-44.2229469337912,0.00600000000000023
"122","validation",NA,392,1,1,TRUE,"ok",-45.4859319228849,-1.99741689897822,-0.0252931376073575,-47.5086419594705,0.00800000000000267
"122","validation",NA,393,1,1,TRUE,"ok",-43.2416780141032,-4.60083785839723,-0.0214332740261094,-47.8639491465266,0.007000000000005
"122","validation",NA,394,1,1,TRUE,"ok",-42.46765478225,-6.31551364328808,-0.0161319282548757,-48.7993003537929,0.00800000000000267
"122","validation",NA,395,1,1,TRUE,"ok",-43.2166691963288,-5.2247203532432,-0.0221555548352024,-48.4635451044072,0.0069999999999979
"122","validation",NA,396,1,1,TRUE,"ok",-42.5498029776105,-3.11945861505021,-0.036917804401379,-45.7061793970621,0.00800000000000267
"122","validation",NA,397,1,1,TRUE,"ok",-38.8404819483406,-6.51644589163672,-0.0110722518985728,-45.3680000918759,0.00900000000000034
"122","validation",NA,398,1,1,TRUE,"ok",-39.8152280954258,-7.38331465307193,-0.0103422113439361,-47.2088849598416,0.007000000000005
"122","validation",NA,399,1,1,TRUE,"ok",-37.4836086824533,-10.7828880518058,-0.00583849997922741,-48.2723352342383,0.0069999999999979
"122","validation",NA,400,1,1,TRUE,"ok",-40.1434985151661,-5.26711930867528,-0.0193027738805879,-45.4299205977219,0.0069999999999979
"122","validation",NA,401,1,1,TRUE,"ok",-42.080398252567,-6.51029412595272,-0.012699521385628,-48.6033918999053,0.007000000000005
"122","validation",NA,402,1,1,TRUE,"ok",-41.273110462038,-5.12895318698446,-0.0376615250154316,-46.4397251740379,0.00900000000000034
"122","validation",NA,403,1,1,TRUE,"ok",-42.8504554128994,-6.92798433306415,-0.024445213022305,-49.8028849589859,0.00600000000000023
"122","validation",NA,404,1,1,TRUE,"ok",-39.5956020459536,-4.85540432582243,-0.0147970676626345,-44.4658034394386,0.007000000000005
"122","validation",NA,405,1,1,TRUE,"ok",-40.843531323091,-6.76069784304855,-0.0284379404261186,-47.6326671065657,0.00600000000000023
"122","validation",NA,406,1,1,TRUE,"ok",-42.8630757937858,-4.30636838609828,-0.0229481946676523,-47.1923923745517,0.00600000000000023
"122","validation",NA,407,1,1,TRUE,"ok",-43.3658871218054,-2.4932978530485,-0.0354549820187568,-45.8946399568726,0.00900000000000034
"122","validation",NA,408,1,1,TRUE,"ok",-42.7639580728746,-3.80834688896799,-0.0231653329067046,-46.5954702947492,0.00600000000000023
"122","validation",NA,409,1,1,TRUE,"ok",-43.203899567364,-3.90209945255066,-0.0154445751587752,-47.1214435950735,0.00600000000000023
"122","validation",NA,410,1,1,TRUE,"ok",-40.9224993248734,-7.96309229729359,-0.0146810041193019,-48.9002726262863,0.00600000000000023
"122","validation",NA,411,1,1,TRUE,"ok",-41.4269432388474,-2.99723182691057,-0.0266266636617024,-44.4508017294197,0.00600000000000023
"122","validation",NA,412,1,1,TRUE,"ok",-44.73546429084,-4.20110177989068,-0.0267603055075525,-48.9633263762382,0.00799999999999557
"122","validation",NA,413,1,1,TRUE,"ok",-43.1487254723127,-6.36090316674081,-0.0299529617522358,-49.5395816008058,0.00600000000000023
"122","validation",NA,414,1,1,TRUE,"ok",-43.6570527170155,-4.55418351974134,-0.0381295184413814,-48.2493657551982,0.00600000000000023
"122","validation",NA,415,1,1,TRUE,"ok",-42.9480807380756,-3.50440876801602,-0.0304829784582525,-46.4829724845499,0.0069999999999979
"122","validation",NA,416,1,1,TRUE,"ok",-39.5486862725958,-9.71005297488695,-0.0153549449234025,-49.2740941924062,0.00600000000000023
"122","validation",NA,417,1,1,TRUE,"ok",-40.2173390565442,-3.85611278691974,-0.0207308643391919,-44.0941827078032,0.0069999999999979
"122","validation",NA,418,1,1,TRUE,"ok",-42.5214306858914,-2.94248213469614,-0.0198914934149257,-45.4838043140025,0.00799999999999557
"122","validation",NA,419,1,1,TRUE,"ok",-41.3164658514989,-6.76577444039492,-0.0166225533937189,-48.0988628452875,0.00600000000000023
"122","validation",NA,420,1,1,TRUE,"ok",-42.3746318606695,-4.70539814254503,-0.0242898890513894,-47.104319892266,0.0069999999999979
"122","validation",NA,421,1,1,TRUE,"ok",-41.0558246043757,-5.457357586118,-0.0208957781154054,-46.5340779686091,0.007000000000005
"122","validation",NA,422,1,1,TRUE,"ok",-39.8144500556753,-8.02709788764652,-0.0121754365952563,-47.8537233799171,0.0069999999999979
"122","validation",NA,423,1,1,TRUE,"ok",-41.5934192903163,-5.97674439356686,-0.0177607395649019,-47.587924423448,0.00799999999999557
"122","validation",NA,424,1,1,TRUE,"ok",-41.344733851134,-3.71079133075051,-0.0276590704680397,-45.0831842523526,0.0069999999999979
"122","validation",NA,425,1,1,TRUE,"ok",-44.4460666212945,-5.66576733178606,-0.0570679368524867,-50.1689018899331,0.0069999999999979
"122","validation",NA,426,1,1,TRUE,"ok",-41.1485631841935,-4.01504611203477,-0.0206387444144318,-45.1842480406427,0.0069999999999979
"122","validation",NA,427,1,1,TRUE,"ok",-42.2518102391223,-3.71806640871976,-0.026595387995612,-45.9964720358377,0.0069999999999979
"122","validation",NA,428,1,1,TRUE,"ok",-43.1834493280056,-4.03261578912733,-0.0333036383370875,-47.24936875547,0.00900000000000034
"122","validation",NA,429,1,1,TRUE,"ok",-41.4914344916734,-5.39173739957013,-0.0408423358985263,-46.924014227142,0.0069999999999979
"122","validation",NA,430,1,1,TRUE,"ok",-39.4176728389907,-12.9180286148855,-0.0115535806383046,-52.3472550345144,0.007000000000005
"122","validation",NA,431,1,1,TRUE,"ok",-40.4084626321589,-4.57699947526125,-0.0265329749698429,-45.01199508239,0.0069999999999979
"122","validation",NA,432,1,1,TRUE,"ok",-40.0031582060397,-8.00016267716315,-0.00743745190794956,-48.0107583351108,0.0069999999999979
"122","validation",NA,433,1,1,TRUE,"ok",-40.4212988067604,-7.64073763548382,-0.0236526761780905,-48.0856891184223,0.00900000000000034
"122","validation",NA,434,1,1,TRUE,"ok",-40.1481982256514,-6.86611838542733,-0.0184379986733043,-47.0327546097521,0.0069999999999979
"122","validation",NA,435,1,1,TRUE,"ok",-40.3589642325106,-7.16811704641148,-0.0129836664154795,-47.5400649453376,0.00600000000000023
"122","validation",NA,436,1,1,TRUE,"ok",-47.7121193787022,-3.72101646092402,-0.0425290517628795,-51.4756648913891,0.00800000000000267
"122","validation",NA,437,1,1,TRUE,"ok",-42.4814224125511,-5.02317739813426,-0.0251890819711052,-47.5297888926564,0.0069999999999979
"122","validation",NA,438,1,1,TRUE,"ok",-41.9091229143722,-4.88215817292458,-0.0392006269813169,-46.8304817142781,0.0069999999999979
"122","validation",NA,439,1,1,TRUE,"ok",-41.8628210204486,-3.24542689861396,-0.0266083940336612,-45.1348563130963,0.0100000000000051
"122","validation",NA,440,1,1,TRUE,"ok",-43.0731875614309,-4.27589973614417,-0.0663452541715955,-47.4154325517467,0.0069999999999979
"122","validation",NA,441,1,1,TRUE,"ok",-41.0630259254461,-4.58216418178113,-0.0295101758496589,-45.6747002830769,0.007000000000005
"122","validation",NA,442,1,1,TRUE,"ok",-40.1657443535881,-5.39316364664921,-0.011698643251594,-45.5706066434889,0.00799999999999557
"122","validation",NA,443,1,1,TRUE,"ok",-40.5154183053657,-7.76006952845944,-0.0310855511095936,-48.3065733849347,0.0069999999999979
"122","validation",NA,444,1,1,TRUE,"ok",-39.1443029285713,-7.84246154986549,-0.0110697040985841,-46.9978341825354,0.00800000000000267
"122","validation",NA,445,1,1,TRUE,"ok",-42.1053392133104,-2.83495911451409,-0.0258890000724623,-44.966187327897,0.0069999999999979
"122","validation",NA,446,1,1,TRUE,"ok",-43.1033664678152,-7.51420706143512,-0.012324217290919,-50.6298977465412,0.0069999999999979
"122","validation",NA,447,1,1,TRUE,"ok",-40.344561287156,-4.31064977838602,-0.0127220235249021,-44.667933089067,0.00600000000000023
"122","validation",NA,448,1,1,TRUE,"ok",-43.0107956723212,-3.70780758960247,-0.0220013543344393,-46.7406046162581,0.00799999999999557
"122","validation",NA,449,1,1,TRUE,"ok",-40.0952746303273,-6.01577294939703,-0.0250043813708085,-46.1360519610952,0.00799999999999557
"122","validation",NA,450,1,1,TRUE,"ok",-39.1670384891458,-9.28770542963403,-0.0103444209987723,-48.4650883397786,0.007000000000005
"122","validation",NA,451,1,1,TRUE,"ok",-41.7706693759055,-6.82630395729126,-0.012185989595072,-48.6091593227919,0.00600000000000023
"122","validation",NA,452,1,1,TRUE,"ok",-42.6941638927038,-4.71659097951966,-0.0464745046429753,-47.4572293768664,0.007000000000005
"122","validation",NA,453,1,1,TRUE,"ok",-43.0562658174134,-7.61450909140131,-0.0322214817048365,-50.7029963905195,0.0069999999999979
"122","validation",NA,454,1,1,TRUE,"ok",-39.9761438216368,-8.29408061939566,-0.0182912383732253,-48.2885156794057,0.00900000000000034
"122","validation",NA,455,1,1,TRUE,"ok",-41.7336195676326,-5.44214155516884,-0.0164602833708756,-47.1922214061724,0.00600000000000023
"122","validation",NA,456,1,1,TRUE,"ok",-43.0524093921987,-6.80246354129989,-0.028723394288591,-49.8835963277872,0.00600000000000023
"122","validation",NA,457,1,1,TRUE,"ok",-39.5960818233451,-5.03566314210157,-0.0156990587381635,-44.6474440241848,0.00599999999999312
"122","validation",NA,458,1,1,TRUE,"ok",-39.8996112474176,-8.66197873191549,-0.0203009793465845,-48.5818909586797,0.0069999999999979
"122","validation",NA,459,1,1,TRUE,"ok",-40.1309858302328,-3.84473820004092,-0.0194543874382075,-43.9951784177119,0.0399999999999991
"122","validation",NA,460,1,1,TRUE,"ok",-44.2255534237935,-1.48422134294603,-0.034351581242801,-45.7441263479823,0.0069999999999979
"122","validation",NA,461,1,1,TRUE,"ok",-42.4999122950458,-5.40980360967009,-0.0173203161218181,-47.9270362208377,0.0069999999999979
"122","validation",NA,462,1,1,TRUE,"ok",-43.3082388963341,-9.41933343781163,-0.0101936673284779,-52.7377660014742,0.00799999999999557
"122","validation",NA,463,1,1,TRUE,"ok",-41.8056000033994,-3.65232398021179,-0.044059998717307,-45.5019839823285,0.00600000000000023
"122","validation",NA,464,1,1,TRUE,"ok",-40.2845060218417,-4.00755322715257,-0.0280163947754606,-44.3200756437697,0.00800000000000267
"122","validation",NA,465,1,1,TRUE,"ok",-42.0612889886701,-4.54628743310087,-0.0384950011041932,-46.6460714228751,0.00800000000000267
"122","validation",NA,466,1,1,TRUE,"ok",-38.4804318573973,-9.80447843429724,-0.0171541943282215,-48.3020644860228,0.00600000000000023
"122","validation",NA,467,1,1,TRUE,"ok",-40.5048688283287,-4.91253776165834,-0.0217279673025563,-45.4391345572895,0.007000000000005
"122","validation",NA,468,1,1,TRUE,"ok",-43.3617002041777,-5.26237538106454,-0.0160276854994301,-48.6401032707417,0.0069999999999979
"122","validation",NA,469,1,1,TRUE,"ok",-40.5242947320089,-8.2231075310732,-0.00761363173471999,-48.7550158948168,0.0069999999999979
"122","validation",NA,470,1,1,TRUE,"ok",-41.9839849998394,-5.74301330136578,-0.0527766494402412,-47.7797749506454,0.00800000000000267
"122","validation",NA,471,1,1,TRUE,"ok",-42.5274964241915,-4.19011658157833,-0.0302117545404688,-46.7478247603103,0.0069999999999979
"122","validation",NA,472,1,1,TRUE,"ok",-40.3245270876199,-3.97120345728301,-0.025701354452385,-44.3214318993553,0.0069999999999979
"122","validation",NA,473,1,1,TRUE,"ok",-43.3705193497875,-3.65596237988272,-0.0627492939168999,-47.0892310235871,0.007000000000005
"122","validation",NA,474,1,1,TRUE,"ok",-42.7046336568499,-4.18578601243316,-0.027187174462058,-46.9176068437451,0.0069999999999979
"122","validation",NA,475,1,1,TRUE,"ok",-43.0226258058314,-3.03299713820337,-0.035363670690665,-46.0909866147255,0.007000000000005
"122","validation",NA,476,1,1,TRUE,"ok",-40.4675459594649,-4.77863846959328,-0.0168832469069418,-45.2630676759651,0.00600000000000023
"122","validation",NA,477,1,1,TRUE,"ok",-42.5480597631902,-2.10142447308353,-0.0306772994199868,-44.6801615356937,0.00600000000000023
"122","validation",NA,478,1,1,TRUE,"ok",-42.7567006488599,-6.71562086392577,-0.0437326854003956,-49.5160541981861,0.00600000000000023
"122","validation",NA,479,1,1,TRUE,"ok",-40.9431947088729,-7.82563911820168,-0.0170252801781502,-48.7858591072528,0.00600000000000023
"122","validation",NA,480,1,1,TRUE,"ok",-41.8855410465045,-4.34552044283576,-0.0178578477612407,-46.2489193371015,0.00600000000000023
"122","validation",NA,481,1,1,TRUE,"ok",-42.7853079153301,-7.98527198239892,-0.0354863957896379,-50.8060662935186,0.0069999999999979
"122","validation",NA,482,1,1,TRUE,"ok",-44.0878541722319,-7.66614782403922,-0.0225854013509357,-51.776587397622,0.0069999999999979
"122","validation",NA,483,1,1,TRUE,"ok",-48.4205592421704,-5.47219240384145,-0.0591122072213221,-53.9518638532332,0.0069999999999979
"122","validation",NA,484,1,1,TRUE,"ok",-38.9867730897916,-7.41830286064411,-0.00938245028526687,-46.414458400721,0.0069999999999979
"122","validation",NA,485,1,1,TRUE,"ok",-41.1393230369582,-3.3859960492392,-0.0265275256554592,-44.5518466118529,0.00600000000000023
"122","validation",NA,486,1,1,TRUE,"ok",-42.919893600616,-4.56523559348474,-0.0302581062767158,-47.5153873003774,0.00899999999999324
"122","validation",NA,487,1,1,TRUE,"ok",-40.1046772265484,-4.38107310002212,-0.0192300317611362,-44.5049803583317,0.007000000000005
"122","validation",NA,488,1,1,TRUE,"ok",-39.903127023738,-5.48301580064455,-0.0248517925999136,-45.4109946169825,0.00600000000000023
"122","validation",NA,489,1,1,TRUE,"ok",-39.9974166592468,-6.03427752155191,-0.0285286571004322,-46.0602228378991,0.00600000000000023
"122","validation",NA,490,1,1,TRUE,"ok",-42.1499505524258,-4.91576970023203,-0.0320125469188128,-47.0977327995767,0.0069999999999979
"122","validation",NA,491,1,1,TRUE,"ok",-42.0729435852951,-6.52550843672764,-0.0295388721625542,-48.6279908941853,0.007000000000005
"122","validation",NA,492,1,1,TRUE,"ok",-39.6598716179555,-8.33191003479492,-0.00912784050239803,-48.0009094932528,0.00600000000000023
"122","validation",NA,493,1,1,TRUE,"ok",-40.661650783114,-3.88162988327568,-0.0268082775234196,-44.5700889439131,0.00600000000000023
"122","validation",NA,494,1,1,TRUE,"ok",-40.9276111099204,-9.03358955319995,-0.054962053570611,-50.016162716691,0.0069999999999979
"122","validation",NA,495,1,1,TRUE,"ok",-42.9046954224013,-4.72513609799404,-0.0233901463650959,-47.6532216667604,0.00600000000000023
"122","validation",NA,496,1,1,TRUE,"ok",-44.3430870181291,-6.61742356636391,-0.119524095057513,-51.0800346795505,0.0069999999999979
"122","validation",NA,497,1,1,TRUE,"ok",-40.5997248292375,-4.16298266042318,-0.0188696085744353,-44.7815770982351,0.0069999999999979
"122","validation",NA,498,1,1,TRUE,"ok",-41.7848647717197,-4.32512288595764,-0.0268473506697138,-46.136835008347,0.00800000000000267
"122","validation",NA,499,1,1,TRUE,"ok",-42.7008242580283,-3.95455680790144,-0.0164366077402704,-46.67181767367,0.0069999999999979
"122","validation",NA,500,1,1,TRUE,"ok",-40.5217620710579,-8.34042312931484,-0.0304779925782405,-48.8926631929509,0.00800000000000267
"122","validation",NA,501,1,1,TRUE,"ok",-40.6909074670355,-3.38193976111118,-0.0232264494845992,-44.0960736776312,0.00900000000000034
"122","validation",NA,502,1,1,TRUE,"ok",-38.0225848009506,-12.4248254336739,-0.00874313248063733,-50.4561533671051,0.0069999999999979
"122","validation",NA,503,1,1,TRUE,"ok",-42.7546619795197,-3.69663795640567,-0.029886833120712,-46.4811867690461,0.00600000000000023
"122","validation",NA,504,1,1,TRUE,"ok",-40.3942939209661,-8.93675332876646,-0.0100775541476265,-49.3411248038802,0.0069999999999979
"122","validation",NA,505,1,1,TRUE,"ok",-42.6429213986861,-2.34531783088457,-0.0337594714302529,-45.0219987010009,0.0069999999999979
"122","validation",NA,506,1,1,TRUE,"ok",-41.5922908647596,-4.59278257253908,-0.0160389790098203,-46.2011124163085,0.007000000000005
"122","validation",NA,507,1,1,TRUE,"ok",-41.4082105164908,-4.90051493973154,-0.0320199270306928,-46.3407453832531,0.00800000000000267
"122","validation",NA,508,1,1,TRUE,"ok",-39.355295198302,-6.62617511376255,-0.00904983666914557,-45.9905201487337,0.0069999999999979
"122","validation",NA,509,1,1,TRUE,"ok",-41.9766073273524,-3.27415063846595,-0.034843449743259,-45.2856014155616,0.00600000000000023
"122","validation",NA,510,1,1,TRUE,"ok",-42.6068050674473,-5.36260484702375,-0.0250758224341131,-47.9944857369051,0.00799999999999557
"122","validation",NA,511,1,1,TRUE,"ok",-42.5192124790398,-3.88775059490693,-0.0117144466159239,-46.4186775205626,0.00800000000000267
"122","validation",NA,512,1,1,TRUE,"ok",-41.1278317453931,-4.20032541613366,-0.0137421949984508,-45.3418993565252,0.00800000000000267
